date,CoffeeMachine_power,Desktop_power,Fridge_power,Kettle_power,Microwave_power,Printer_power,WaterDispenser_power,Kitchen_temperature,Lab_temperature,Mailroom_temperature,avg_temperature,Kitchen_humidity,Lab_humidity,Mailroom_humidity,avg_humidity,Kitchen_occupancy,Lab_occupancy,Mailroom_occupancy,avg_occupancy,day_of_week,day_name,is_weekend,month,day_of_month,total_power
2024-01-01,-1.0,-1.0,62.712328767,-1.0,1.5,-1.0,-1.0,-1.0,22.817241379,-1.0,22.817241379,69.495852535,69.993181818,69.495852535,69.66162896266667,0.22897511,-1.0,0.22897511,0.22897511,0,Monday,0,1,1,64.212328767
2024-01-02,-1.0,0.0,51.240506329,-1.0,1.5,-1.0,-1.0,-1.0,21.275757576,-1.0,21.275757576,59.251449275,59.282666667,59.251449275,59.26185507233333,0.329524336,0.495327103,0.34641206,0.3904211663333333,1,Tuesday,0,1,2,52.740506329
2024-01-03,269.083333333,28.5,64.464285714,-1.0,1.5,12.727272727,38.527777778,22.540909091,22.176470588,22.540909091,22.419429590000004,69.355629139,68.839473684,69.355629139,69.18357732066666,0.249692308,0.5,0.249692308,0.3331282053333333,2,Wednesday,0,1,3,414.802669552
2024-01-04,0.470588235,0.0,67.648648649,-1.0,1.5,12.694444444,53.791666667,22.94,22.569565217,22.94,22.816521739,64.210465116,60.715,60.715,61.880155038666665,0.699706152,0.5,0.699706152,0.6331374346666666,3,Thursday,0,1,4,136.105347995
2024-01-05,0.5,-1.0,57.28,-1.0,-1.0,12.120689655,39.769230769,-1.0,22.769230769,-1.0,22.769230769,64.98,64.98,64.98,64.98,0.177877778,-1.0,0.177877778,0.177877778,4,Friday,0,1,5,109.66992042400001
2024-01-06,0.5,573.333333333,56.84057971,-1.0,-1.0,11.785714286,51.296296296,-1.0,22.8,-1.0,22.8,59.670588235,60.130769231,61.862068966,60.554475477333334,0.204456763,-1.0,0.204456763,0.204456763,5,Saturday,1,1,6,693.7559236250002
2024-01-07,0.5,855.0,48.666666667,-1.0,1.5,12.129032258,40.310344828,22.072727273,20.42173913,21.756521739,21.41699604733333,62.416756757,62.596491228,62.416756757,62.47666824733333,0.217977901,-1.0,0.217977901,0.217977901,6,Sunday,1,1,7,958.106043753
2024-01-08,0.230769231,23.0,58.855263158,-1.0,1.5,11.926315789,39.916666667,22.2,21.831818182,22.2,22.077272727333334,57.825757576,56.975409836,57.825757576,57.54230832933333,0.411927133,0.5,0.411927133,0.4412847553333334,0,Monday,0,1,8,135.42901484499998
2024-01-09,0.428571429,-1.0,59.848101266,0.0,1.5,24.908163265,40.945945946,22.5,21.478571429,22.5,22.159523809666666,58.166666667,58.465306122,58.166666667,58.266213152,0.558450119,0.5,0.288719931,0.4490566833333333,1,Tuesday,0,1,9,127.63078190600001
2024-01-10,0.461538462,0.0,69.769230769,38.588235294,2.255813953,12.461538462,0.5,22.55,22.236,22.55,22.445333333333334,57.042975207,56.962318841,57.042975207,57.01608975166666,0.40867052,0.489361702,0.40867052,0.4355675806666666,2,Wednesday,0,1,10,124.03635693999999
2024-01-11,68.148148148,580.5,58.014285714,41.6,7.1875,93.64,1786.5,22.905263158,22.673333333,22.905263158,22.82795321633333,57.366013072,57.490740741,57.366013072,57.40758896166667,0.449526953,0.495238095,0.449526953,0.4647640003333333,3,Thursday,0,1,11,2635.589933862
2024-01-12,0.5,836.5,59.628571429,45.875,1.5,11.916666667,0.0,22.715,22.142307692,22.715,22.524102564,49.51902834,48.888421053,49.51902834,49.30882591100001,5.254956772,-1.0,5.254956772,5.254956772,4,Friday,0,1,12,955.9202380959999
2024-01-13,0.5,852.5,54.166666667,32.594594595,1.5,11.886363636,-1.0,22.75,22.219230769,22.75,22.573076923000002,58.633043478,57.416666667,58.633043478,58.227584541,0.293368263,-1.0,0.293368263,0.293368263,5,Saturday,1,1,13,953.147624898
2024-01-14,231.125,0.0,61.0875,47.307692308,1.5,77.333333333,1819.5,21.75,20.55,21.75,21.349999999999998,59.153301887,48.916842105,59.153301887,55.741148626333334,0.311979914,0.5,0.311979914,0.37465327600000004,6,Sunday,1,1,14,2237.853525641
2024-01-15,0.555555556,864.75,57.394366197,34.24,1.5,11.906976744,1379.285714286,22.55,22.019230769,22.55,22.373076923,59.170833333,58.819047619,-1.0,58.994940476,0.25144186,0.5,0.25144186,0.33429457333333334,0,Monday,0,1,15,2349.632612783
2024-01-16,0.5,678.6,56.604938272,46.19047619,1.5,11.811881188,1311.421052632,22.139130435,21.334782609,22.139130435,21.871014493,76.85766129,77.493258427,76.85766129,77.06952700233333,0.24667162,0.5,0.24667162,0.3311144133333333,1,Tuesday,0,1,16,2106.628348282
2024-01-17,0.5,855.25,55.689189189,29.805555556,1.5,11.8375,1414.388888889,22.163636364,21.281818182,22.163636364,21.869696969999996,60.157894737,59.001388889,60.157894737,59.77239278766666,0.226787479,0.5,0.226787479,0.3178583193333333,2,Wednesday,0,1,17,2368.971133634
2024-01-18,2.9,0.0,53.873239437,35.766666667,1.506849315,23.442105263,0.0,22.1625,21.626666667,22.1625,21.983888889,67.876315789,66.182926829,67.876315789,67.31185280233333,1.02820996,0.461538462,1.02820996,0.8393194606666667,3,Thursday,0,1,18,117.48886068200001
2024-01-19,0.5,-1.0,55.052631579,32.717948718,1.5,11.861702128,-1.0,22.447368421,21.926923077,22.447368421,22.273886639666667,64.619117647,64.065822785,64.619117647,64.43468602633332,0.278977444,-1.0,0.278977444,0.278977444,4,Friday,0,1,19,101.63228242500001
2024-01-20,0.461538462,0.0,55.893333333,34.705882353,1.507692308,11.930232558,0.0,22.428571429,21.772727273,22.428571429,22.209956710333334,65.967741935,65.659574468,64.368217054,65.33184448566668,1.129030899,-1.0,1.129030899,1.129030899,5,Saturday,1,1,20,104.498679014
2024-01-21,0.461538462,860.0,62.469879518,25.766666667,1.5,11.89,-1.0,22.281818182,21.29,22.281818182,21.95121212133333,60.419911504,61.184848485,60.419911504,60.67489049766667,0.329252874,0.5,0.329252874,0.3861685826666667,6,Sunday,1,1,21,962.088084647
2024-01-22,292.666666667,500.142857143,69.824324324,52.102564103,1.5,14.766990291,1373.5,22.575,22.143478261,22.575,22.43115942033333,64.191566265,65.605882353,64.191566265,64.663004961,0.577882096,0.5,0.577882096,0.5519213973333333,0,Monday,0,1,22,2304.503402528
2024-01-23,1.210526316,856.0,61.24,31.377777778,1.5,18.25,3585.0,22.341666667,21.77,22.341666667,22.151111111333332,65.38556701,66.314516129,65.38556701,65.69521671633333,0.311352075,0.511111111,0.311352075,0.37793842033333336,1,Tuesday,0,1,23,4554.5783040940005
2024-01-24,0.52173913,256.285714286,54.3,32.317073171,1.5,13.642857143,0.0,22.233333333,21.722727273,22.233333333,22.063131313,60.878625954,60.198214286,60.878625954,60.65182206466667,0.255479876,0.5,0.255479876,0.336986584,2,Wednesday,0,1,24,358.56738373
2024-01-25,0.5,427.25,60.723684211,29.0,1.5,13.443181818,1796.25,22.278947368,21.890909091,22.278947368,22.14960127566667,54.247457627,53.502173913,54.247457627,53.99902972233334,0.218590164,0.5,0.218590164,0.31239344266666663,3,Thursday,0,1,25,2328.6668660289997
2024-01-26,0.5,0.0,55.905405405,27.1875,1.5,13.23,0.333333333,22.55,22.160869565,22.55,22.420289855000004,53.095412844,53.534567901,53.095412844,53.24179786300001,0.21102649,-1.0,0.21102649,0.21102649,4,Friday,0,1,26,98.65623873800001
2024-01-27,0.5,842.5,55.012658228,36.125,1.5,13.295918367,-1.0,22.516666667,22.15,22.516666667,22.394444444666664,66.349186992,66.981690141,66.349186992,66.560021375,0.232343032,-1.0,0.232343032,0.232343032,5,Saturday,1,1,27,948.933576595
2024-01-28,0.416666667,0.0,53.419753086,30.1875,1.473684211,13.414634146,0.0,22.55,20.346428571,22.55,21.81547619033333,53.573755656,53.273170732,53.573755656,53.47356068133333,1.10483965,-1.0,1.10483965,1.10483965,6,Sunday,1,1,28,98.91223811
2024-01-29,1.181818182,861.5,71.838235294,27.1875,1.5,13.952941176,1792.5,22.057894737,21.40625,22.019047619,21.827730785333333,57.020819113,56.182178218,57.020819113,56.741272148,0.343882064,0.493150685,0.343882064,0.393638271,0,Monday,0,1,29,2769.660494652
2024-01-30,0.666666667,-1.0,55.9,24.45,1.5,13.095238095,1804.0,22.025,21.42,22.025,21.823333333333334,55.695238095,57.948,55.695238095,56.44615873,0.305392954,0.6,0.305392954,0.4035953026666667,1,Tuesday,0,1,30,1899.611904762
2024-01-31,0.666666667,0.0,61.049382716,53.405405405,1.519230769,21.293478261,1823.666666667,22.016666667,21.547826087,22.016666667,21.860386473666665,70.671024735,71.545054945,70.671024735,70.96236813833333,0.444878049,0.506666667,0.392817073,0.4481205963333333,2,Wednesday,0,1,31,1961.6008304850002
2024-02-01,0.444444444,0.0,59.707692308,24.342857143,1.534482759,13.13,1190.166666667,22.341176471,22.184615385,22.341176471,22.28898944233333,72.250340136,71.506521739,72.250340136,72.00240067033333,0.314262295,-1.0,0.314262295,0.314262295,3,Thursday,0,2,1,1289.326143321
2024-02-02,0.5,-1.0,66.866666667,40.434782609,1.530612245,13.1,0.0,22.61,22.431578947,22.61,22.550526315666662,54.926153846,54.811363636,54.926153846,54.88789044266667,0.345248869,-1.0,0.345248869,0.345248869,4,Friday,0,2,2,122.432061521
2024-02-03,0.5,0.0,64.945945946,-1.0,1.510638298,13.120879121,-1.0,22.55,22.340740741,22.55,22.480246913666665,50.052631579,50.280124224,50.052631579,50.12846246066667,0.280277778,-1.0,0.280277778,0.280277778,5,Saturday,1,2,3,80.077463365
2024-02-04,0.5,444.25,55.473684211,-1.0,1.50877193,12.956521739,0.0,22.033333333,21.107142857,22.033333333,21.724603174333335,47.255921053,46.917346939,47.255921053,47.143063014999996,0.252683983,-1.0,0.252683983,0.252683983,6,Sunday,1,2,4,514.68897788
2024-02-05,0.5,0.0,59.537313433,29.666666667,1.888888889,13.107526882,1199.25,22.048275862,21.455555556,22.048275862,21.85070242666667,53.682926829,52.149438202,53.682926829,53.17176395333333,0.229512579,0.5,0.229512579,0.3196750526666667,0,Monday,0,2,5,1303.950395871
2024-02-06,0.5,849.5,65.453333333,37.473684211,2.859649123,13.802197802,1804.0,22.05,21.532,22.05,21.877333333333336,51.343333333,51.153508772,51.343333333,51.28005847933333,0.302503497,0.481481481,0.302503497,0.36216282499999997,1,Tuesday,0,2,6,2773.5888644690003
2024-02-07,0.5,0.0,53.487179487,39.829268293,11.078947368,13.180851064,908.0,22.070833333,21.611111111,22.070833333,21.917592592333335,52.860784314,52.141860465,52.860784314,52.621143031,0.990852974,0.491525424,0.990852974,0.8244104573333333,2,Wednesday,0,2,7,1026.0762462120001
2024-02-08,3.1,522.285714286,65.617283951,34.567567568,1.5,13.5625,0.5,22.103571429,21.661904762,22.103571429,21.95634920666667,59.308679245,52.139473684,59.308679245,56.918944058,0.357908046,0.494382022,0.357908046,0.4033993713333333,3,Thursday,0,2,8,641.133065805
2024-02-09,0.4,0.0,59.777777778,34.1,1.481481481,13.010752688,-1.0,22.06,21.78125,22.06,21.967083333333335,57.558638743,55.069354839,60.056502242,57.561498608,1.237947295,-1.0,1.237947295,1.237947295,4,Friday,0,2,9,108.770011947
2024-02-10,0.5,852.5,63.376623377,39.454545455,1.5,13.034090909,0.0,22.2,21.75625,22.2,22.052083333333332,61.869461078,62.35,61.869461078,62.02964071866666,0.361794159,0.5,0.361794159,0.40786277266666665,5,Saturday,1,2,10,970.365259741
2024-02-11,94.2,892.5,63.415584416,48.038461538,1.5,13.086021505,946.25,22.380952381,21.775,22.380952381,22.178968254,70.26728972,70.161702128,70.26728972,70.23209385599999,0.282457143,-1.0,0.282457143,0.282457143,6,Sunday,1,2,11,2058.990067459
2024-02-12,0.571428571,1151.333333333,55.540540541,41.256410256,1.5,13.0,1890.0,22.627777778,21.982352941,22.627777778,22.412636165666665,71.706730769,72.108695652,73.391836735,72.40242105200001,0.327602941,0.5,0.327602941,0.3850686273333333,0,Monday,0,2,12,3153.201712701
2024-02-13,0.5,0.0,56.319444444,44.636363636,1.5,13.050632911,1522.083333333,23.045454545,22.56875,23.045454545,22.886553029999998,69.979,69.83,69.979,69.92933333333333,0.21839172,0.5,0.21839172,0.3122611466666667,1,Tuesday,0,2,13,1638.089774324
2024-02-14,0.5,483.428571429,64.418604651,37.64516129,1.5,13.340206186,1340.6875,22.623076923,21.959259259,22.623076923,22.40180436833333,69.668484848,70.158695652,69.668484848,69.83188844933333,0.230295082,0.5,0.230295082,0.3201967213333334,2,Wednesday,0,2,14,1941.520043556
2024-02-15,0.277777778,0.0,52.256410256,26.634146341,1.35,13.150943396,0.0,22.463333333,22.044444444,22.463333333,22.323703703333337,71.964179104,72.837962963,71.964179104,72.25544039033333,2.400617506,0.263157895,2.400617506,1.6881309690000001,3,Thursday,0,2,15,93.669277771
2024-02-16,0.5,0.0,54.679487179,41.678571429,1.5,13.178947368,0.0,22.538888889,22.25,22.404545455,22.397811448,75.910429448,79.492857143,75.910429448,77.104572013,0.272403698,-1.0,0.272403698,0.272403698,4,Friday,0,2,16,111.53700597599999
2024-02-17,5.111111111,-1.0,56.113924051,29.952380952,1.45,13.063829787,-1.0,22.922222222,22.728571429,22.922222222,22.857671957666668,70.31559633,69.752173913,70.31559633,70.12778885766666,0.991683029,-1.0,0.991683029,0.991683029,5,Saturday,1,2,17,105.691245901
2024-02-18,0.5,563.666666667,59.819277108,27.605263158,1.5,22.316326531,2.0,22.365517241,21.75,22.365517241,22.160344827333333,63.72195122,58.114782609,63.72195122,61.85289501633334,0.332275204,0.5,0.332275204,0.3881834693333333,6,Sunday,1,2,18,677.4075334639999
2024-02-19,185.681818182,849.0,58.209876543,40.959183673,1.5,34.134831461,1329.375,22.211111111,21.777777778,22.211111111,22.066666666666666,64.499107143,63.638709677,64.499107143,64.21230798766668,0.54884106,0.5,0.54884106,0.5325607066666667,0,Monday,0,2,19,2498.860709859
2024-02-20,103.2,0.0,60.2,38.333333333,1.5,13.264367816,1787.0,21.827777778,21.010714286,21.827777778,21.55542328066667,68.625465839,68.647959184,68.625465839,68.63296362066667,0.408083832,0.508474576,0.408083832,0.4415474133333333,1,Tuesday,0,2,20,2003.497701149
2024-02-21,81.944444444,29.0,53.481481481,29.953488372,1.5,19.270588235,1843.0,21.785714286,21.069230769,21.785714286,21.546886447000002,66.0696,64.7203125,66.0696,65.6198375,0.295230978,0.5,0.295230978,0.36348731866666667,2,Wednesday,0,2,21,2058.150002532
2024-02-22,0.5,289.0,55.551282051,33.083333333,1.5,13.04494382,972.909090909,22.211111111,21.265384615,22.211111111,21.895868945666667,68.351785714,66.211111111,68.351785714,67.638227513,0.353153014,0.502164502,0.353153014,0.40282351,3,Thursday,0,2,22,1365.588650113
2024-02-23,0.5,-1.0,53.65625,39.407407407,1.5,13.162162162,1808.0,22.461904762,21.5875,22.461904762,22.170436507999998,68.98496732,68.283809524,68.98496732,68.75124805466668,0.215901899,-1.0,0.215901899,0.215901899,4,Friday,0,2,23,1916.225819569
2024-02-24,0.5,563.333333333,66.305882353,34.735294118,1.473684211,12.988095238,20.5,22.752173913,21.94375,22.752173913,22.482699275333335,70.328205128,70.419444444,70.328205128,70.35861823333333,0.232795527,-1.0,0.232795527,0.232795527,5,Saturday,1,2,24,699.836289253
2024-02-25,0.5,-1.0,64.842105263,24.2,1.476190476,12.960526316,1410.5,22.959090909,22.252173913,22.959090909,22.723451910333335,64.875,63.381395349,64.875,64.377131783,1.090092166,-1.0,1.090092166,1.090092166,6,Sunday,1,2,25,1514.478822055
2024-02-26,163.090909091,690.2,59.695652174,50.625,1.5,22.680851064,0.0,22.4,21.961538462,22.4,22.253846154,62.841116751,62.405555556,62.841116751,62.695929686,0.33559466,0.492753623,0.33559466,0.38798098099999995,0,Monday,0,2,26,987.792412329
2024-02-27,207.5,842.75,55.539473684,40.609756098,15.043478261,110.146067416,1826.333333333,22.438095238,21.986956522,22.376190476,22.267080745333335,60.263546798,59.519090909,60.263546798,60.015394834999995,0.952591006,0.495238095,0.952591006,0.8001400356666667,1,Tuesday,0,2,27,3097.922108792
2024-02-28,78.736842105,569.333333333,63.725,41.018867925,17.166666667,75.895833333,1347.75,22.281481481,22.013043478,22.281481481,22.192002146666667,64.181428571,64.397272727,64.181428571,64.253376623,0.404024267,0.494949495,0.404024267,0.43433267633333333,2,Wednesday,0,2,28,2193.626543363
2024-02-29,0.5,856.5,55.675675676,25.085714286,1.5,13.340206186,1800.0,22.336,21.92962963,22.336,22.200543209999996,52.730857143,58.501204819,52.730857143,54.65430636833333,0.588878924,0.495798319,0.588878924,0.5578520556666666,3,Thursday,0,2,29,2752.6015961479998
2024-03-01,0.5,0.0,53.148648649,25.162790698,1.5,13.224719101,0.0,22.15,21.752380952,22.15,22.01746031733333,45.442424242,44.207627119,45.442424242,45.030825201,0.408627451,-1.0,0.408627451,0.408627451,4,Friday,0,3,1,93.53615844800001
2024-03-02,0.5,856.0,63.024390244,25.628571429,1.5,13.164835165,-1.0,22.142857143,21.692857143,22.142857143,21.992857143,43.944221106,43.657377049,43.944221106,43.84860642033333,0.276842105,-1.0,0.276842105,0.276842105,5,Saturday,1,3,2,959.8177968379999
2024-03-03,0.5,0.0,52.351351351,30.310344828,1.5,13.175824176,1487.8,22.084,21.246428571,22.084,21.804809523666666,52.010695187,52.11125,52.010695187,52.044213458,0.222047244,-1.0,0.222047244,0.222047244,6,Sunday,1,3,3,1585.6375203549999
2024-03-04,0.5,670.5,68.556962025,22.306122449,1.5,13.287234043,1796.75,22.15,21.614285714,22.15,21.971428571333334,65.241666667,66.161971831,65.241666667,65.54843505500001,0.238595041,0.5,0.238595041,0.32573002733333334,0,Monday,0,3,4,2573.400318517
2024-03-05,0.470588235,18.6,51.56,36.066666667,1.5,13.215053763,1698.294117647,22.142105263,21.496,22.142105263,21.926736842,76.257142857,77.270588235,76.257142857,76.59495798300001,0.267101227,0.5,0.267101227,0.3447341513333333,1,Tuesday,0,3,5,1819.7064263119998
2024-03-06,0.444444444,647.75,53.234567901,27.277777778,1.454545455,13.160493827,1906.733333333,22.36,21.680769231,22.266666667,22.102478632666664,64.694904459,64.108791209,64.694904459,64.49953337566667,1.027818411,0.5,1.027818411,0.8518789406666666,2,Wednesday,0,3,6,2650.055162738
2024-03-07,379.166666667,0.0,54.4,36.692307692,1.5,13.63,1222.833333333,22.112,21.892307692,22.112,22.038769230666663,65.773239437,65.600952381,65.773239437,65.71581041833333,0.330237248,0.492063492,0.330237248,0.3841793293333333,3,Thursday,0,3,7,1708.222307692
2024-03-08,0.4,-1.0,53.435897436,18.369565217,1.444444444,13.152173913,0.0,22.283333333,21.967857143,22.283333333,22.178174603000002,69.341818182,69.33828125,69.341818182,69.34063920466666,1.319390071,-1.0,1.319390071,1.319390071,4,Friday,0,3,8,86.80208101
2024-03-09,0.5,850.5,51.540540541,29.923076923,1.5,13.534090909,-1.0,22.463636364,22.058333333,22.463636364,22.328535353666666,74.708783784,74.262337662,76.185409253,75.05217689966666,0.299026946,-1.0,0.299026946,0.299026946,5,Saturday,1,3,9,947.4977083730001
2024-03-10,0.5,-1.0,88.6,27.857142857,1.0,14.301204819,0.0,22.03125,21.470833333,22.03125,21.844444444333334,75.788,75.951456311,75.788,75.842485437,0.296123348,0.5,0.296123348,0.36408223200000006,6,Sunday,1,3,10,132.258347676
2024-03-11,0.5,555.666666667,52.402439024,33.4,1.5,13.649350649,-1.0,21.918181818,21.519230769,21.918181818,21.785198135,64.885957447,68.22278481,68.871917808,67.32688668833333,0.294052863,0.538461538,0.294052863,0.3755224213333333,0,Monday,0,3,11,657.11845634
2024-03-12,0.5,826.0,50.460526316,28.0,1.5,13.408163265,0.0,21.55,20.983333333,21.55,21.361111111,66.59379845,66.3825,66.59379845,66.52336563333333,0.258385185,0.497716895,0.258385185,0.3381624216666667,1,Tuesday,0,3,12,919.868689581
2024-03-13,0.5,423.75,61.632183908,29.444444444,1.5,13.247311828,-1.0,21.455555556,20.97,21.455555556,21.293703704,77.509090909,62.515909091,77.509090909,72.51136363633333,0.22171799,0.5,0.22171799,0.31447866,2,Wednesday,0,3,13,530.0739401799999
2024-03-14,149.923076923,847.5,48.428571429,39.545454545,1.5,13.0,-1.0,21.252941176,20.994444444,21.252941176,21.166775598666664,71.776344086,70.521590909,71.776344086,71.358093027,0.339319899,0.5,0.339319899,0.3928799326666666,3,Thursday,0,3,14,1099.897102897
2024-03-15,-1.0,0.0,50.611111111,-1.0,1.5,13.144444444,-1.0,21.553846154,21.3,21.553846154,21.469230769333333,65.332786885,64.788571429,65.332786885,65.15138173300001,0.379779951,-1.0,0.379779951,0.379779951,4,Friday,0,3,15,65.255555555
2024-03-16,-1.0,0.0,65.901408451,-1.0,1.444444444,13.071428571,-1.0,22.127777778,22.577419355,22.127777778,22.277658303666666,68.011612903,66.295238095,68.011612903,67.439487967,2.179068736,-1.0,2.179068736,2.179068736,5,Saturday,1,3,16,80.41728146599999
2024-03-17,-1.0,242.857142857,57.523809524,-1.0,1.5,13.522222222,-1.0,21.74,22.004347826,21.74,21.828115942,64.561722488,64.222695035,64.561722488,64.448713337,0.444323144,-1.0,0.444323144,0.444323144,6,Sunday,1,3,17,315.403174603
2024-03-18,-1.0,1.0,50.623376623,-1.0,16.416666667,28.518518519,-1.0,21.316666667,21.6875,21.316666667,21.440277778,65.289922481,69.305223881,65.289922481,66.628356281,1.447037618,0.493670886,1.447037618,1.1292487073333333,0,Monday,0,3,18,96.558561809
2024-03-19,0.5,552.666666667,51.898734177,23.048780488,1.5,13.218390805,0.0,21.305,21.704166667,21.305,21.438055555666665,74.456470588,72.780645161,74.456470588,73.89786211233333,0.350316456,0.5,0.350316456,0.4002109706666667,1,Tuesday,0,3,19,642.832572137
2024-03-20,0.5,-1.0,56.534090909,20.305555556,1.5,34.871794872,-1.0,21.1,20.868965517,21.1,21.022988505666667,78.977722772,78.876923077,78.977722772,78.94412287366667,0.314309392,0.5,0.314309392,0.3762062613333333,2,Wednesday,0,3,20,113.711441337
2024-03-21,0.5,0.0,51.895348837,26.425,1.5,13.010638298,0.0,21.138095238,21.425925926,21.35,21.304673721333334,72.488489209,71.275714286,72.488489209,72.08423090133333,0.295963581,0.5,0.295963581,0.36397572066666667,3,Thursday,0,3,21,93.330987135
2024-03-22,0.5,-1.0,51.240963855,40.192307692,1.5,12.96969697,-1.0,21.521052632,21.466666667,21.521052632,21.502923977,80.596585366,81.475221239,80.596585366,80.88946399033334,0.254526814,-1.0,0.254526814,0.254526814,4,Friday,0,3,22,106.402968517
2024-03-23,0.5,858.5,59.513513514,25.862068966,1.5,12.898876404,0.0,22.564,23.28,22.564,22.802666666666667,73.290434783,70.455555556,73.290434783,72.34547504066666,0.74086747,-1.0,0.222766296,0.481816883,5,Saturday,1,3,23,958.7744588840001
2024-03-24,0.5,0.0,66.560606061,27.394736842,1.5,13.373737374,-1.0,22.876470588,23.915,22.876470588,23.222647058666666,68.311184211,65.469620253,68.311184211,67.363996225,0.257732919,-1.0,0.257732919,0.257732919,6,Sunday,1,3,24,109.329080277
2024-03-25,0.5,-1.0,50.317647059,16.763157895,1.5,13.195402299,0.0,21.019047619,20.016129032,21.019047619,20.68474142333333,56.207094595,59.461904762,52.763636364,56.144211907,0.268603269,0.5,0.268603269,0.34573551266666663,0,Monday,0,3,25,82.276207253
2024-03-26,0.5,0.0,46.835443038,13.06122449,1.428571429,13.280898876,-1.0,20.605882353,19.896774194,20.605882353,20.369512966666665,66.751689189,67.096568627,66.751689189,66.86664900166666,1.201709402,0.5,0.441640379,0.714449927,1,Tuesday,0,3,26,75.106137833
2024-03-27,0.5,-1.0,59.217948718,28.4,6.642857143,25.774193548,0.0,21.28,21.139130435,21.28,21.233043478333332,66.664,64.136363636,66.664,65.82145454533334,0.333610354,0.5,0.333610354,0.3890735693333333,2,Wednesday,0,3,27,120.53499940900001
2024-03-28,0.454545455,0.0,59.987804878,16.146341463,1.5,13.070422535,0.0,21.776190476,21.56,21.776190476,21.704126984,68.126600985,67.717910448,68.126600985,67.990370806,0.740193638,0.496503497,0.740193638,0.658963591,3,Thursday,0,3,28,91.15911433100001
2024-03-29,0.5,863.0,53.419753086,29.638888889,1.5,12.918604651,-1.0,21.770588235,21.457142857,21.770588235,21.666106442333334,69.851515152,72.947272727,73.113930348,71.97090607566666,0.349122542,-1.0,0.349122542,0.349122542,4,Friday,0,3,29,960.977246626
2024-03-30,0.5,0.0,56.243243243,38.227272727,1.5,13.446808511,-1.0,21.854545455,21.564705882,21.854545455,21.757932264,82.307608696,82.5234375,73.304347826,79.378464674,0.28065449,0.5,0.28065449,0.35376966,5,Saturday,1,3,30,109.91732448100001
2024-03-31,0.5,-1.0,54.16,31.548387097,1.5,13.233333333,-1.0,22.338095238,22.282608696,22.338095238,22.319599724,76.880876494,76.305882353,76.880876494,76.68921178033334,0.262464455,-1.0,0.262464455,0.262464455,6,Sunday,1,3,31,100.94172043
2024-04-01,0.5,863.0,54.4625,28.428571429,1.470588235,13.252631579,-1.0,21.8,21.331034483,21.8,21.643678161,66.742173913,67.769026549,67.900555556,67.47058533933334,0.212331691,0.5,0.212331691,0.30822112733333334,0,Monday,0,4,1,961.114291243
2024-04-02,0.5,853.5,56.804597701,31.411764706,1.5,13.357142857,-1.0,21.9125,21.448,21.9125,21.757666666666665,60.336548223,59.656140351,60.336548223,60.109745599,0.253172303,0.5,0.253172303,0.335448202,1,Tuesday,0,4,2,957.073505264
2024-04-03,0.5,853.5,62.435897436,30.392857143,1.5,13.326086957,-1.0,21.952380952,21.507692308,21.952380952,21.804151404,59.699561404,59.254411765,59.699561404,59.551178191,0.2661875,0.5,0.2661875,0.344125,2,Wednesday,0,4,3,961.654841536
2024-04-04,0.5,-1.0,49.547945205,25.909090909,1.428571429,13.141304348,-1.0,21.984615385,21.636363636,21.984615385,21.868531468666664,61.93875,62.318987342,61.93875,62.06549578066667,0.316288089,0.5,0.316288089,0.3775253926666666,3,Thursday,0,4,4,90.52691189100001
2024-04-05,0.5,-1.0,54.582278481,24.0,1.5,14.02173913,-1.0,22.07826087,21.672,22.07826087,21.94284058,65.955454545,66.517518248,65.955454545,66.14280911266667,0.368047753,-1.0,0.308130435,0.338089094,4,Friday,0,4,5,94.604017611
2024-04-06,0.5,870.5,61.404761905,29.833333333,1.466666667,13.733333333,-1.0,22.056521739,21.671428571,22.056521739,21.928157349666666,65.265863454,65.020253165,65.265863454,65.18399335766667,0.35248927,-1.0,0.35248927,0.35248927,5,Saturday,1,4,6,977.4380952380001
2024-04-07,0.5,-1.0,63.939759036,31.6,1.5,13.362637363,-1.0,22.063636364,21.69375,22.063636364,21.940340909333333,65.438541667,64.866129032,65.438541667,65.24773745533334,0.323145401,-1.0,0.323145401,0.323145401,6,Sunday,1,4,7,110.902396399
2024-04-08,0.5,-1.0,51.831325301,33.393939394,1.5,13.356435644,-1.0,22.080769231,21.938888889,22.080769231,22.03347578366667,63.795762712,63.56163522,63.795762712,63.71772021466666,0.282647929,-1.0,0.282647929,0.282647929,0,Monday,0,4,8,100.581700339
2024-04-09,0.5,-1.0,50.726027397,27.735294118,1.555555556,13.47311828,-1.0,22.152941176,21.773529412,22.152941176,22.026470588,64.256680162,63.88447205,64.256680162,64.13261079133333,0.262979719,-1.0,0.262979719,0.262979719,1,Tuesday,0,4,9,93.989995351
2024-04-10,0.5,-1.0,55.487179487,27.371428571,1.5,13.281553398,-1.0,22.145833333,21.971875,22.145833333,22.087847221999997,64.215918367,63.831360947,64.215918367,64.08773256033334,0.244162754,-1.0,0.244162754,0.244162754,2,Wednesday,0,4,10,98.140161456
2024-04-11,0.5,-1.0,48.742857143,24.279069767,1.5,13.326086957,-1.0,22.163636364,22.217857143,22.163636364,22.181709957,74.184452297,74.374850299,74.184452297,74.24791829766667,0.421097561,-1.0,0.208526149,0.314811855,3,Thursday,0,4,11,88.348013867
2024-04-12,0.5,-1.0,51.415584416,22.106382979,1.5,13.197916667,-1.0,22.15,22.186666667,22.15,22.16222222233333,-1.0,62.653804348,63.403584229,63.028694288500006,0.241725806,-1.0,0.485664516,0.363695161,4,Friday,0,4,12,88.719884062
2024-04-13,0.5,863.5,61.976470588,21.954545455,1.5,13.178947368,1863.0,22.121428571,22.013333333,22.121428571,22.085396825,60.607608696,59.918674699,60.607608696,60.37796403033334,0.279861538,-1.0,0.279861538,0.279861538,5,Saturday,1,4,13,2825.609963411
2024-04-14,0.5,-1.0,52.443181818,29.5,1.4,13.845238095,0.5,22.13,22.148,22.13,22.136,50.251470588,48.827516779,50.251470588,49.77681931833333,0.349970845,-1.0,0.413836735,0.38190378999999997,6,Sunday,1,4,14,98.188419913
2024-04-15,233.761904762,71.0,55.9,32.4,27.541666667,13.857142857,1782.625,21.984,21.890909091,21.984,21.952969697,63.264485981,66.374509804,63.264485981,64.30116058866666,0.36904703,0.494845361,0.36904703,0.410979807,0,Monday,0,4,15,2217.085714286
2024-04-16,0.5,-1.0,55.736111111,36.147058824,1.5,14.527472527,0.5,22.970588235,23.081818182,22.970588235,23.007664883999997,77.005581395,80.129565217,77.005581395,78.04690933566667,0.338743316,-1.0,0.338743316,0.338743316,1,Tuesday,0,4,16,108.910642462
2024-04-17,113.9375,853.5,54.897058824,33.828571429,1.5,13.277777778,2.5,23.40952381,23.552631579,23.40952381,23.457226399666666,75.128089888,75.6,75.403030303,75.37704006366666,0.313949329,0.492957746,0.313949329,0.3736188013333333,2,Wednesday,0,4,17,1073.440908031
2024-04-18,0.466666667,555.666666667,57.31884058,42.173913043,1.5,13.360465116,1781.5,23.206666667,23.340909091,23.206666667,23.251414141666668,65.39787234,64.235849057,65.39787234,65.01053124566667,0.295321375,0.5,0.295321375,0.3635475833333333,3,Thursday,0,4,18,2451.986552073
2024-04-19,0.5,-1.0,64.736842105,40.153846154,1.5,13.325842697,-1.0,22.916666667,22.89,22.916666667,22.907777778,73.605194805,73.376237624,73.605194805,73.52887574466666,0.272526799,-1.0,0.272526799,0.272526799,4,Friday,0,4,19,120.216530956
2024-04-20,0.5,0.0,62.541666667,24.1,1.5,13.468085106,-1.0,23.0,22.829411765,23.0,22.943137255,76.727040816,76.433333333,76.727040816,76.62913832166667,0.236901408,0.5,0.236901408,0.32460093866666667,5,Saturday,1,4,20,102.10975177300001
2024-04-21,0.5,-1.0,55.968253968,0.538461538,1.5,13.347368421,616.0,23.022727273,22.954166667,23.022727273,22.999873737666665,58.842285714,57.868269231,58.842285714,58.517613553,0.239908953,-1.0,0.239908953,0.239908953,6,Sunday,1,4,21,687.854083927
2024-04-22,0.5,0.0,54.205479452,0.5,1.375,13.395061728,1774.333333333,22.473076923,22.694117647,21.757894737,22.308363102333335,54.399616858,53.101369863,54.399616858,53.96686785966667,0.342279942,0.5,0.342279942,0.3948532946666667,0,Monday,0,4,22,1844.3088745129999
2024-04-23,54.071428571,15.25,56.679487179,39.367346939,1.5,13.208333333,1752.0,21.734615385,22.173333333,21.734615385,21.880854701,65.81122449,66.259748428,65.81122449,65.96073246933334,0.324763833,0.492537313,0.324763833,0.3806883263333333,1,Tuesday,0,4,23,1932.076596022
2024-04-24,140.230769231,551.666666667,54.168831169,32.961538462,1.461538462,54.915789474,1792.5,21.830769231,21.902857143,21.830769231,21.854798535,63.286238532,62.736842105,63.286238532,63.103106389666664,0.413227092,0.490566038,0.413227092,0.4390067406666667,2,Wednesday,0,4,24,2627.905133465
2024-04-25,121.333333333,285.833333333,52.794520548,33.568627451,1.5,13.134020619,1763.0,21.941176471,22.323529412,21.941176471,22.06862745133333,46.209265176,44.3875,46.209265176,45.60201011733333,0.410984394,0.5,0.410984394,0.44065626266666663,3,Thursday,0,4,25,2271.163835284
2024-04-26,0.5,0.0,52.218390805,32.0,1.5,13.341176471,-1.0,21.688888889,21.4375,21.688888889,21.605092592666665,67.433877551,67.467283951,67.433877551,67.44501301766667,0.308393855,-1.0,0.308393855,0.308393855,4,Friday,0,4,26,99.559567276
2024-04-27,0.5,-1.0,53.4,17.531914894,1.5,13.294117647,-1.0,21.573913043,21.628,21.573913043,21.591942028666665,61.066528926,60.592156863,61.066528926,60.908404905,0.295142003,-1.0,0.295142003,0.295142003,5,Saturday,1,4,27,86.226032541
2024-04-28,0.5,0.0,61.178571429,40.935483871,1.5,13.735632184,-1.0,21.628571429,21.275,21.628571429,21.510714286,57.416184971,57.445360825,57.416184971,57.42591025566667,0.282088415,-1.0,0.282088415,0.282088415,6,Sunday,1,4,28,117.849687484
2024-04-29,0.5,573.0,64.649350649,25.294117647,1.5,13.337209302,1360.625,21.574074074,21.926923077,21.574074074,21.691690408333333,57.011814346,55.9,57.011814346,56.641209564,0.528772242,0.5,0.2562986,0.4283569473333333,0,Monday,0,4,29,2038.905677598
2024-04-30,0.5,684.2,49.917808219,15.916666667,1.666666667,13.52688172,890.625,20.795454545,20.95,20.795454545,20.846969696666665,63.717622951,64.783333333,63.717622951,64.072859745,0.227996918,0.4,0.227996918,0.2853312786666667,1,Tuesday,0,4,30,1656.353023273
2024-05-01,0.5,849.0,51.868421053,13.142857143,1.5,40.395604396,891.75,20.541666667,20.367857143,20.541666667,20.483730159,63.570689655,63.585,63.570689655,63.57545977,0.262422452,0.48,0.262422452,0.33494830133333336,2,Wednesday,0,5,1,1848.1568825919999
2024-05-02,0.5,594.333333333,62.526315789,31.513513514,1.470588235,13.11827957,-1.0,21.895652174,22.594444444,21.895652174,22.128582930666667,85.657798165,83.727586207,85.657798165,85.014394179,0.384186747,-1.0,0.384186747,0.384186747,3,Thursday,0,5,2,703.4620304410001
2024-05-03,0.5,-1.0,55.567567568,39.90625,1.5,13.247058824,-1.0,23.177272727,23.755555556,23.177272727,23.370033669999998,77.123529412,76.052755906,-1.0,76.588142659,0.306485714,-1.0,0.306485714,0.306485714,4,Friday,0,5,3,110.72087639200001
2024-05-04,0.461538462,19.0,56.44,41.771428571,1.4,37.483516484,1817.5,23.286363636,23.895238095,23.286363636,23.489321789,64.401984127,62.912571429,64.401984127,63.90551322766667,0.440686695,0.5,0.440686695,0.4604577966666667,5,Saturday,1,5,4,1974.056483517
2024-05-05,72.714285714,465.0,52.44,43.465517241,1.470588235,15.537634409,1798.25,21.343478261,20.40625,21.343478261,21.031068840666666,62.4125,63.569172932,62.4125,62.798057644000004,0.358091787,0.5,0.359108368,0.405733385,6,Sunday,1,5,5,2448.878025599
2024-05-06,125.4375,689.6,61.217948718,41.782608696,1.5,27.97979798,1823.5,21.01,20.385714286,21.01,20.801904762000003,69.082887701,69.309565217,69.082887701,69.158446873,0.332919509,0.512195122,0.332919509,0.3926780466666666,0,Monday,0,5,6,2771.017855394
2024-05-07,19.166666667,859.5,58.725274725,32.666666667,1.5,13.214285714,1478.916666667,21.295,20.896153846,21.144444444,21.11186609666667,72.730805687,73.04609375,72.730805687,72.835901708,0.301453488,0.5,0.301453488,0.36763565866666664,1,Tuesday,0,5,7,2463.6895604399997
2024-05-08,0.5,490.428571429,50.941860465,36.483870968,1.5,13.053763441,3578.0,20.957692308,20.483333333,20.957692308,20.79957264966667,71.614009662,71.582300885,71.614009662,71.60344006966666,0.255911854,0.5,0.255911854,0.3372745693333334,2,Wednesday,0,5,8,4170.908066303
2024-05-09,0.5,843.5,49.410958904,20.675,1.5,13.302083333,1095.615384615,21.094736842,21.103571429,21.094736842,21.097681704333333,66.791176471,66.696969697,66.791176471,66.759774213,0.230520833,0.5,0.230520833,0.32034722200000004,3,Thursday,0,5,9,2024.503426852
2024-05-10,6.363636364,870.0,49.25,25.288888889,1.5,13.176470588,-1.0,21.495238095,21.765384615,21.495238095,21.585286935,67.036363636,75.475,75.946728972,72.81936420266668,0.255295903,0.666666667,0.255295903,0.392419491,4,Friday,0,5,10,965.5789958409999
2024-05-11,0.461538462,844.75,51.232876712,26.534883721,1.5,13.512195122,1800.0,21.204,20.995454545,21.204,21.134484848333333,76.108333333,76.310280374,76.108333333,76.17564901333334,0.42183355,0.428571429,0.280819672,0.3770748836666667,5,Saturday,1,5,11,2737.991494017
2024-05-12,14.5,560.0,60.109756098,32.027777778,1.4,35.775280899,1774.0,20.938888889,21.119047619,20.938888889,20.998941799,68.316574586,67.668041237,68.316574586,68.10039680300001,0.436101449,0.5,0.436101449,0.45740096599999996,6,Sunday,1,5,12,2477.812814775
2024-05-13,0.444444444,443.75,58.114285714,37.511627907,18.333333333,14.397849462,1726.0,21.292857143,21.475862069,21.292857143,21.353858785,67.026923077,66.469473684,67.026923077,66.84110661266668,0.358773704,0.5,0.358773704,0.40584913600000005,0,Monday,0,5,13,2298.55154086
2024-05-14,3.421052632,2.0,51.169014085,33.5,1.0,15.829545455,1107.666666667,20.766666667,21.68974359,20.766666667,21.074358974666666,52.721212121,52.566666667,52.721212121,52.66969696966667,0.473041916,0.495575221,0.473041916,0.48055301766666664,1,Tuesday,0,5,14,1214.586278839
2024-05-15,247.583333333,-1.0,54.294871795,32.211538462,1.5,13.827586207,2005.857142857,20.386666667,21.677142857,20.386666667,20.816825397,63.770466321,61.903773585,63.770466321,63.148235409,0.359509434,0.505617978,0.359509434,0.40821228200000004,2,Wednesday,0,5,15,2355.274472654
2024-05-16,0.5,650.8,51.283783784,17.8,1.5,13.430379747,1287.0,20.369230769,21.55,20.369230769,20.762820512666668,71.498312236,68.523140496,71.498312236,70.50658832266667,0.289251497,0.497409326,0.289251497,0.35863744000000003,3,Thursday,0,5,16,2022.3141635309998
2024-05-17,0.5,-1.0,61.076923077,16.46,1.529411765,13.45,-1.0,20.204761905,21.1125,20.204761905,20.50734127,65.536651584,64.254744526,65.536651584,65.10934923133333,0.260540123,-1.0,0.37291834,0.3167292315,4,Friday,0,5,17,93.016334842
2024-05-18,0.5,5.333333333,49.658823529,22.317073171,1.5,13.534653465,-1.0,20.181818182,20.855172414,20.181818182,20.406269592666664,71.933783784,71.035338346,71.933783784,71.63430197133333,0.252470238,-1.0,0.252470238,0.252470238,5,Saturday,1,5,18,92.84388349800001
2024-05-19,0.5,415.75,49.708860759,24.611111111,1.5,13.326732673,0.0,20.056,21.862068966,20.056,20.65802298866667,75.172144847,75.530620155,75.172144847,75.29163661633334,0.249637681,0.5,0.249637681,0.3330917873333334,6,Sunday,1,5,19,505.396704543
2024-05-20,0.5,372.6,50.146666667,12.392857143,1.5,13.494623656,1167.833333333,20.352,20.188,20.642307692,20.394102563999997,72.40620438,67.73559322,72.40620438,70.84933399333333,0.262943925,0.5,0.262943925,0.3419626166666667,0,Monday,0,5,20,1618.467480799
2024-05-21,0.444444444,823.5,49.708860759,17.526315789,1.5,41.686746988,1438.681818182,20.438461538,20.572,20.340909091,20.450456876333334,73.827038627,74.215909091,73.827038627,73.95666211499999,0.300217391,0.5,0.300217391,0.366811594,1,Tuesday,0,5,21,2373.048186162
2024-05-22,88.904761905,838.625,48.975609756,27.978723404,8.538461538,13.549450549,2231.0,20.511111111,20.968,20.342857143,20.60732275133333,66.841967213,73.039370079,66.841967213,68.90776816833333,0.465019455,0.491525424,0.465019455,0.47385477800000003,2,Wednesday,0,5,22,3257.572007152
2024-05-23,427.235294118,5.666666667,53.636363636,26.18,1.5,29.648351648,1724.0,20.854545455,21.628,20.854545455,21.112363636666668,62.984337349,59.762790698,62.984337349,61.91048846533334,0.350875146,0.495726496,0.350875146,0.39915892933333336,3,Thursday,0,5,23,2267.8666760690003
2024-05-24,0.5,0.0,64.097560976,27.465116279,1.5,13.064516129,1755.5,21.691304348,22.514285714,21.691304348,21.96563147,81.554918033,80.58375,81.554918033,81.23119535533334,0.340407876,-1.0,0.340407876,0.340407876,4,Friday,0,5,24,1862.127193384
2024-05-25,0.5,-1.0,65.0,24.958333333,1.5,13.164835165,2009.2,21.6625,22.328571429,21.8,21.930357143,81.343773585,80.645142857,81.343773585,81.11089667566667,0.313447293,0.5,0.313447293,0.3756315286666667,5,Saturday,1,5,25,2114.323168498
2024-05-26,136.818181818,18.333333333,53.358024691,18.085714286,1.5,14.111111111,1734.5,21.473913043,21.728,21.473913043,21.558608695333334,73.074834437,72.177464789,73.074834437,72.77571122100001,0.293617339,0.5,0.293617339,0.3624115593333333,6,Sunday,1,5,26,1976.706365239
2024-05-27,142.8,363.4,50.727272727,25.036363636,1.5,27.348837209,1846.454545455,21.227272727,21.226086957,21.227272727,21.22687747033333,63.913157895,63.053448276,63.913157895,63.626588022,0.273880597,0.5,0.273880597,0.3492537313333333,0,Monday,0,5,27,2457.267019027
2024-05-28,0.5,452.142857143,56.827160494,20.0,1.5,14.0,1415.357142857,21.2,21.524,21.2,21.308,72.953211009,72.773584906,72.953211009,72.89333564133334,0.447859712,0.5,0.447859712,0.46523980800000003,1,Tuesday,0,5,28,1960.327160494
2024-05-29,0.473684211,0.0,52.060240964,12.184615385,1.4,13.065934066,0.0,21.204761905,21.508695652,21.204761905,21.306073154,69.846078431,68.614583333,69.846078431,69.435580065,0.655616642,0.5,0.655616642,0.603744428,2,Wednesday,0,5,29,79.18447462600001
2024-05-30,0.5,633.6,57.486486486,18.519230769,1.428571429,26.845238095,1470.571428571,22.004166667,23.203846154,22.004166667,22.404059829333335,72.19375,69.251898734,72.19375,71.21313291133333,0.487893939,0.428571429,0.487893939,0.468119769,3,Thursday,0,5,30,2208.95095535
2024-05-31,0.5,0.0,52.897435897,17.953488372,1.5,12.941176471,1122.166666667,22.21,22.466666667,22.21,22.295555555666667,71.624342105,70.29,71.624342105,71.17956140333332,0.29143975,-1.0,0.29143975,0.29143975,4,Friday,0,5,31,1207.958767407
2024-06-01,0.428571429,856.5,52.026666667,18.608695652,1.0,13.024096386,0.5,22.09,22.52,22.09,22.233333333333334,55.682758621,53.817355372,55.682758621,55.060957538,0.498551336,-1.0,0.498551336,0.498551336,5,Saturday,1,6,1,942.0880301340001
2024-06-02,46.714285714,0.0,60.142857143,20.333333333,1.5,13.217391304,-1.0,22.0,22.575862069,22.0,22.191954022999997,71.189830508,70.593333333,71.189830508,70.99099811633333,0.363753666,-1.0,0.363753666,0.363753666,6,Sunday,1,6,2,141.907867494
2024-06-03,147.454545455,0.0,52.746835443,36.836734694,1.428571429,30.418367347,1572.666666667,21.757142857,22.269230769,21.757142857,21.927838827666665,72.186725664,71.103846154,72.186725664,71.82576582733333,0.421279683,0.488888889,0.421279683,0.44381608499999997,0,Monday,0,6,3,1841.5517210350001
2024-06-04,-1.0,909.571428571,54.320987654,32.658536585,1.5,13.849462366,3.0,21.515,21.917647059,21.515,21.649215686333335,77.07434555,76.637288136,77.07434555,76.92865974533333,0.353950617,0.0,0.353950617,0.23596707800000002,1,Tuesday,0,6,4,1014.9004151759999
2024-06-05,-1.0,0.0,50.581081081,27.219512195,1.428571429,42.388235294,1790.75,21.171428571,21.182352941,21.647368421,21.333716644333332,71.679,70.341463415,74.376642336,72.13236858366668,0.402312925,0.5,0.402312925,0.4348752833333333,2,Wednesday,0,6,5,1912.367399999
2024-06-06,0.5,819.0,50.542168675,24.0,1.5,84.5,1530.666666667,21.34,21.256666667,21.340909091,21.312525252666667,72.358333333,70.7375,72.358333333,71.81805555533333,0.29609375,0.5,0.29609375,0.3640625,3,Thursday,0,6,6,2510.708835342
2024-06-07,0.5,0.0,57.936708861,27.764705882,1.4,75.421052632,-1.0,21.438461538,21.083333333,21.438461538,21.320085469666665,66.558256881,66.380141844,66.558256881,66.498885202,0.383589365,-1.0,0.383589365,0.383589365,4,Friday,0,6,7,163.02246737500002
2024-06-08,0.5,840.5,50.691358025,15.25,1.5,81.946808511,0.0,21.536842105,21.822727273,21.536842105,21.632137161000003,71.991780822,71.516455696,71.991780822,71.83333911333334,0.299397218,-1.0,0.299397218,0.299397218,5,Saturday,1,6,8,990.388166536
2024-06-09,0.5,-1.0,51.974683544,19.450980392,-1.0,64.918367347,1710.0,21.464705882,21.781818182,21.464705882,21.570409982,67.927659574,67.111627907,67.927659574,67.65564901833334,0.320152672,-1.0,0.320152672,0.320152672,6,Sunday,1,6,9,1846.844031283
2024-06-10,1.652173913,542.666666667,53.4,24.50877193,1.5,55.239583333,22.75,21.296,21.178571429,21.296,21.256857143,55.238129496,54.305,55.238129496,54.92708633066667,0.342059238,0.488888889,0.342059238,0.39100245499999997,0,Monday,0,6,10,701.7171958429999
2024-06-11,2.62962963,616.666666667,59.933333333,35.395833333,1.5,30.702970297,1740.625,20.541666667,20.764,20.541666667,20.615777777999998,60.73627907,61.033082707,60.73627907,60.83521361566667,0.368648325,0.5,0.420218103,0.42962214266666665,1,Tuesday,0,6,11,2487.4534332599997
2024-06-12,134.111111111,840.5,62.911764706,30.568181818,5.7,72.479452055,1775.833333333,20.733333333,21.329166667,20.733333333,20.931944444333336,69.140082645,68.54522293,69.140082645,68.94179607333334,0.821439299,0.496296296,0.821439299,0.713058298,2,Wednesday,0,6,12,2922.103843023
2024-06-13,0.533333333,-1.0,50.894736842,28.914285714,1.473684211,13.247058824,-1.0,20.08,19.771428571,20.08,19.977142857,60.872205438,57.354,60.872205438,59.699470292,0.369811321,0.5,0.369811321,0.41320754733333337,3,Thursday,0,6,13,95.063098924
2024-06-14,0.5,0.0,56.770114943,19.277777778,1.5,13.3375,0.0,19.988,20.047619048,19.988,20.007873016,67.905555556,68.435353535,69.70617284,68.68236064366666,0.323966565,-1.0,0.323966565,0.323966565,4,Friday,0,6,14,91.38539272100002
2024-06-15,0.52173913,-1.0,52.034883721,19.216216216,1.533333333,13.597826087,-1.0,20.042105263,20.371428571,20.042105263,20.151879699000002,59.397333333,57.503278689,59.670967742,58.85719325466667,0.346661562,-1.0,0.346661562,0.346661562,5,Saturday,1,6,15,86.90399848700001
2024-06-16,0.5,0.0,86.082191781,41.583333333,1.523809524,13.829545455,0.0,21.170833333,22.791666667,21.170833333,21.711111110999997,62.85703125,59.560377358,62.85703125,61.75814661933333,0.316965409,-1.0,0.316965409,0.316965409,6,Sunday,1,6,16,143.51888009299998
2024-06-17,0.5,-1.0,84.565789474,28.685714286,1.48,13.671052632,-1.0,21.647826087,23.865384615,21.647826087,22.387012263,74.833913043,70.585294118,74.833913043,73.41770673466665,0.385156483,-1.0,0.385156483,0.385156483,0,Monday,0,6,17,128.902556392
2024-06-18,0.5,0.0,84.952380952,27.263157895,1.5,13.652173913,0.0,21.75625,24.191666667,21.957894737,22.635270468,69.25,65.583076923,69.25,68.02769230766667,0.448287373,-1.0,0.448287373,0.448287373,1,Tuesday,0,6,18,127.86771276
2024-06-19,0.5,832.0,69.703703704,28.848484848,1.529411765,13.397727273,0.5,22.365517241,24.635714286,22.365517241,23.122249589333332,74.806995885,70.997014925,74.806995885,73.53700223166668,0.420869565,-1.0,0.420869565,0.420869565,2,Wednesday,0,6,19,946.4793275899999
2024-06-20,0.333333333,668.2,62.6,49.75,1.444444444,12.5,1758.5,22.7,25.5,22.7,23.633333333333336,75.22,71.033333333,75.22,73.82444444433334,0.942631579,0.428571429,0.942631579,0.7712781956666667,3,Thursday,0,6,20,2553.327777777
