date,CoffeeMachine_power,Desktop_power,Fridge_power,Kettle_power,Microwave_power,Printer_power,WaterDispenser_power,Kitchen_temperature,Lab_temperature,Mailroom_temperature,avg_temperature,Kitchen_humidity,Lab_humidity,Mailroom_humidity,avg_humidity,Kitchen_occupancy,Lab_occupancy,Mailroom_occupancy,avg_occupancy,day_of_week,day_name,is_weekend,month,day_of_month,total_power,power_3d_avg,power_7d_avg,power_3d_std,Kitchen_temperature_3d_avg,Kitchen_temperature_change,Lab_temperature_3d_avg,Lab_temperature_change,Mailroom_temperature_3d_avg,Mailroom_temperature_change,avg_temperature_3d_avg,avg_temperature_change,power_lag1,power_lag7
2024-01-01,,,62.712328767,,1.5,,,,22.817241379,,22.817241379,69.495852535,69.993181818,69.495852535,69.66162896266667,0.22897511,,0.22897511,0.22897511,0,Monday,0,1,1,64.212328767,64.212328767,64.212328767,,,,22.817241379,,,,22.817241379,,,
2024-01-02,,0.0,51.240506329,,1.5,,,,21.275757576,,21.275757576,59.251449275,59.282666667,59.251449275,59.26185507233333,0.329524336,0.495327103,0.34641206,0.3904211663333333,1,Tuesday,0,1,2,52.740506329,58.476417548,58.476417548,8.111803438477795,,,22.0464994775,-1.5414838029999984,,,22.0464994775,-1.5414838029999984,64.212328767,
2024-01-03,269.083333333,28.5,64.464285714,,1.5,12.727272727,38.527777778,22.540909091,22.176470588,22.540909091,22.419429590000004,69.355629139,68.839473684,69.355629139,69.18357732066666,0.249692308,0.5,0.249692308,0.3331282053333333,2,Wednesday,0,1,3,414.802669552,177.25183488266666,177.25183488266666,205.80500471704994,22.540909091,,22.089823181,0.9007130120000006,22.540909091,,22.170809515000002,1.1436720140000034,52.740506329,
2024-01-04,0.470588235,0.0,67.648648649,,1.5,12.694444444,53.791666667,22.94,22.569565217,22.94,22.816521739,64.210465116,60.715,60.715,61.880155038666665,0.699706152,0.5,0.699706152,0.6331374346666666,3,Thursday,0,1,4,136.105347995,201.2161746253333,166.96521316075,189.60964458010454,22.7404545455,0.39909090900000166,22.007264460333335,0.39309462900000014,22.7404545455,0.39909090900000166,22.170569635000003,0.39709214899999523,414.802669552,
2024-01-05,0.5,,57.28,,,12.120689655,39.769230769,,22.769230769,,22.769230769,64.98,64.98,64.98,64.98,0.177877778,,0.177877778,0.177877778,4,Friday,0,1,5,109.669920424,220.19264599033332,155.50615461339999,169.0547364338537,22.7404545455,,22.505088858000004,0.19966555199999902,22.7404545455,,22.66839403266667,-0.04729096999999882,136.105347995,
2024-01-06,0.5,573.333333333,56.84057971,,,11.785714286,51.296296296,,22.8,,22.8,59.670588235,60.130769231,61.862068966,60.554475477333334,0.204456763,,0.204456763,0.204456763,5,Saturday,1,1,6,693.7559236250002,313.1770640146667,245.21444944866667,329.8558916321517,22.94,,22.712931995333335,0.03076923100000073,22.94,,22.795250835999997,0.03076923100000073,109.669920424,
2024-01-07,0.5,855.0,48.666666667,,1.5,12.129032258,40.310344828,22.072727273,20.42173913,21.756521739,21.41699604733333,62.416756757,62.596491228,62.416756757,62.47666824733333,0.217977901,,0.217977901,0.217977901,6,Sunday,1,1,7,958.106043753,587.1772959340001,347.05610577785717,434.143083271815,22.072727273,,21.99698996633333,-2.378260870000002,21.756521739,,22.32874227211111,-1.3830039526666695,693.7559236250002,
2024-01-08,0.230769231,23.0,58.855263158,,1.5,11.926315789,39.916666667,22.2,21.831818182,22.2,22.077272727333337,57.825757576,56.975409836,57.825757576,57.54230832933333,0.411927133,0.5,0.411927133,0.4412847553333334,0,Monday,0,1,8,135.42901484499998,595.7636607410001,357.22991807471425,420.00147161893227,22.1363636365,0.1272727269999976,21.684519104,1.4100790520000004,21.978260869499998,0.4434782609999992,22.098089591555553,0.6602766800000062,958.106043753,64.212328767
2024-01-09,0.428571429,,59.848101266,0.0,1.5,24.908163265,40.945945946,22.5,21.478571429,22.5,22.159523809666663,58.166666667,58.465306122,58.166666667,58.266213152,0.558450119,0.5,0.288719931,0.4490566833333333,1,Tuesday,0,1,9,127.630781906,407.0552801679999,367.92852887142857,477.2398884680024,22.257575757666668,0.3000000000000007,21.244042913666664,-0.3532467530000005,22.152173913,0.3000000000000007,21.88459752811111,0.08225108233332534,135.42901484499998,52.740506329
2024-01-10,0.461538462,0.0,69.769230769,38.588235294,2.255813953,12.461538462,0.5,22.55,22.236,22.55,22.445333333333338,57.042975207,56.962318841,57.042975207,57.01608975166666,0.40867052,0.489361702,0.40867052,0.4355675806666666,2,Wednesday,0,1,10,124.03635694,129.03205123033334,326.3904842125714,5.824159194641712,22.416666666666668,0.05000000000000071,21.848796537,0.7574285710000019,22.416666666666668,0.05000000000000071,22.227376623444446,0.2858095236666749,127.630781906,414.802669552
2024-01-11,68.148148148,580.5,58.014285714,41.6,7.1875,93.64,1786.5,22.905263158,22.673333333,22.905263158,22.82795321633333,57.366013072,57.490740741,57.366013072,57.40758896166667,0.449526953,0.495238095,0.449526953,0.4647640003333333,3,Thursday,0,1,11,2635.589933862,962.419024236,683.4597107650001,1449.0096271546065,22.651754386000004,0.35526315799999963,22.129301587333334,0.437333332999998,22.651754385999997,0.35526315799999963,22.47760345311111,0.38261988299999317,124.03635694,136.105347995
2024-01-12,0.5,836.5,59.628571429,45.875,1.5,11.916666667,0.0,22.715,22.142307692,22.715,22.524102564,49.51902834,48.888421053,49.51902834,49.30882591100001,5.254956772,,5.254956772,5.254956772,4,Friday,0,1,12,955.920238096,1238.5155096326669,804.3526132895714,1279.4023636286536,22.723421052666666,-0.1902631580000005,22.350547008333336,-0.5310256409999994,22.723421052666666,-0.1902631580000005,22.599129704555555,-0.3038506523333311,2635.589933862,109.669920424
2024-01-13,0.5,852.5,54.166666667,32.594594595,1.5,11.886363636,,22.75,22.219230769,22.75,22.573076923,58.633043478,57.416666667,58.633043478,58.227584541,0.293368263,,0.293368263,0.293368263,5,Saturday,1,1,13,953.147624898,1514.8859322853334,841.4085706142857,970.5591255603399,22.790087719333332,0.03500000000000014,22.344957264666665,0.076923077,22.790087719333332,0.03500000000000014,22.64171090111111,0.04897435899999891,955.920238096,693.7559236250002
2024-01-14,231.125,0.0,61.0875,47.307692308,1.5,77.333333333,1819.5,21.75,20.55,21.75,21.35,59.153301887,48.916842105,59.153301887,55.741148626333334,0.311979914,0.5,0.311979914,0.374653276,6,Sunday,1,1,14,2237.853525641,1382.307129545,1024.2296394554285,740.9262100578079,22.405,-1.0,21.637179486999997,-1.6692307689999986,22.405,-1.0,22.149059829,-1.2230769229999972,953.147624898,958.106043753
2024-01-15,0.555555556,864.75,57.394366197,34.24,1.5,11.906976744,1379.285714286,22.55,22.019230769,22.55,22.373076923,59.170833333,58.819047619,,58.994940476,0.25144186,0.5,0.25144186,0.3342945733333333,0,Monday,0,1,15,2349.632612783,1846.8779211073331,1340.5444391608573,776.008390967773,22.349999999999998,0.8000000000000007,21.596153846000004,1.4692307689999993,22.349999999999998,0.8000000000000007,22.098717948666664,1.0230769229999979,2237.853525641,135.42901484499998
2024-01-16,0.5,678.6,56.604938272,46.19047619,1.5,11.811881188,1311.421052632,22.139130435,21.334782609,22.139130435,21.871014493,76.85766129,77.493258427,76.85766129,77.06952700233333,0.24667162,0.5,0.24667162,0.3311144133333333,1,Tuesday,0,1,16,2106.628348282,2231.3714955686664,1623.2583772145715,121.63174206107772,22.146376811666666,-0.41086956500000227,21.30133779266667,-0.6844481599999988,22.146376811666666,-0.41086956500000227,21.864697138666667,-0.5020624299999987,2349.632612783,127.630781906
2024-01-17,0.5,855.25,55.689189189,29.805555556,1.5,11.8375,1414.388888889,22.163636364,21.281818182,22.163636364,21.869696969999996,60.157894737,59.001388889,60.157894737,59.77239278766666,0.226787479,0.5,0.226787479,0.3178583193333333,2,Wednesday,0,1,17,2368.971133634,2275.0773648996665,1943.9633453137144,146.20122433403543,22.284255599666665,0.024505929000000037,21.545277186666667,-0.0529644270000027,22.284255599666665,0.024505929000000037,22.037929461999997,-0.001317523000004428,2106.628348282,124.03635694
2024-01-18,2.9,0.0,53.873239437,35.766666667,1.506849315,23.442105263,0.0,22.1625,21.626666667,22.1625,21.983888889,67.876315789,66.182926829,67.876315789,67.31185280233333,1.02820996,0.461538462,1.02820996,0.8393194606666667,3,Thursday,0,1,18,117.488860682,1531.0294475326664,1584.2346205737142,1231.169637889985,22.155088933000002,-0.0011363639999970587,21.414422485999996,0.344848485,22.155088933000002,-0.0011363639999970587,21.908200117333333,0.11419191900000314,2368.971133634,2635.589933862
2024-01-19,0.5,,55.052631579,32.717948718,1.5,11.861702128,,22.447368421,21.926923077,22.447368421,22.273886639666667,64.619117647,64.065822785,64.619117647,64.43468602633332,0.278977444,,0.278977444,0.278977444,4,Friday,0,1,19,101.632282425,862.6974255803333,1462.1934840492854,1304.4953892018216,22.257834928333335,0.28486842099999876,21.611802642,0.3002564100000029,22.257834928333335,0.28486842099999876,22.042490832888888,0.289997750666668,117.488860682,955.920238096
2024-01-20,0.461538462,0.0,55.893333333,34.705882353,1.507692308,11.930232558,0.0,22.428571429,21.772727273,22.428571429,22.209956710333337,65.967741935,65.659574468,64.368217054,65.33184448566668,1.129030899,,1.129030899,1.129030899,5,Saturday,1,1,20,104.498679014,107.87327404033317,1340.9579203515714,8.449774387418874,22.34614661666667,-0.018796991999998625,21.77543900566667,-0.15419580400000044,22.34614661666667,-0.018796991999998625,22.155910746333337,-0.0639299293333302,101.632282425,953.147624898
2024-01-21,0.461538462,860.0,62.469879518,25.766666667,1.5,11.89,,22.281818182,21.29,22.281818182,21.95121212133333,60.419911504,61.184848485,60.419911504,60.67489049766667,0.329252874,0.5,0.329252874,0.3861685826666667,6,Sunday,1,1,21,962.088084647,389.4063486953332,1158.7057144952857,495.9590024153325,22.385919344,-0.14675324700000303,21.663216783333336,-0.48272727300000184,22.385919344,-0.14675324700000303,22.145018490444446,-0.2587445890000062,104.498679014,2237.853525641
2024-01-22,292.666666667,500.142857143,69.824324324,52.102564103,1.5,14.766990291,1373.5,22.575,22.143478261,22.575,22.43115942033333,64.191566265,65.605882353,64.191566265,64.663004961,0.577882096,0.5,0.577882096,0.5519213973333333,0,Monday,0,1,22,2304.503402528,1123.6967220629997,1152.2586844588573,1108.870240215946,22.428463203666666,0.29318181800000076,21.73540184466667,0.8534782609999993,22.428463203666666,0.29318181800000076,22.197442750666667,0.4799472989999991,962.088084647,2349.632612783
2024-01-23,1.210526316,856.0,61.24,31.377777778,1.5,18.25,3585.0,22.341666667,21.77,22.341666667,22.151111111333332,65.38556701,66.314516129,65.38556701,65.69521671633333,0.311352075,0.511111111,0.311352075,0.3779384203333333,1,Tuesday,0,1,23,4554.5783040940005,2607.0565970896664,1501.9658210034286,1815.254891429904,22.399494949666664,-0.23333333300000092,21.734492753666668,-0.3734782609999989,22.399494949666664,-0.23333333300000092,22.177827550999996,-0.2800483089999979,2304.503402528,2106.628348282
2024-01-24,0.52173913,256.285714286,54.3,32.317073171,1.5,13.642857143,0.0,22.233333333,21.722727273,22.233333333,22.063131313,60.878625954,60.198214286,60.878625954,60.65182206466667,0.255479876,0.5,0.255479876,0.336986584,2,Wednesday,0,1,24,358.56738373,2405.8830301173334,1214.7652853028571,2099.8417279931123,22.383333333333336,-0.10833333399999745,21.878735178,-0.04727272699999929,22.383333333333336,-0.10833333399999745,22.21513394822222,-0.08797979833333258,4554.5783040940005,2368.971133634
2024-01-25,0.5,427.25,60.723684211,29.0,1.5,13.443181818,1796.25,22.278947368,21.890909091,22.278947368,22.14960127566667,54.247457627,53.502173913,54.247457627,53.99902972233334,0.218590164,0.5,0.218590164,0.3123934426666666,3,Thursday,0,1,25,2328.6668660289997,2413.937517951,1530.6478574952857,2099.3047001359496,22.284649122666668,0.04561403499999983,21.794545454666665,0.16818181800000076,22.284649122666664,0.04561403499999983,22.121281233333335,0.08646996266666918,358.56738373,117.488860682
2024-01-26,0.5,0.0,55.905405405,27.1875,1.5,13.23,0.333333333,22.55,22.160869565,22.55,22.420289855000004,53.095412844,53.534567901,53.095412844,53.24179786300001,0.21102649,,0.21102649,0.21102649,4,Friday,0,1,26,98.656238738,928.630162832333,1530.2227083971432,1219.4119601455889,22.354093567000003,0.27105263199999996,21.924835309666665,0.2699604739999977,22.354093566999996,0.27105263199999996,22.211007481222225,0.2706885793333349,2328.6668660289997,101.632282425
2024-01-27,0.5,842.5,55.012658228,36.125,1.5,13.295918367,,22.516666667,22.15,22.516666667,22.394444444666664,66.349186992,66.981690141,66.349186992,66.560021375,0.232343032,,0.232343032,0.232343032,5,Saturday,1,1,27,948.933576595,1125.418893787333,1650.8562651944287,1125.4319836605227,22.448538011666667,-0.03333333300000163,22.067259551999996,-0.010869565000000136,22.448538011666667,-0.03333333300000163,22.32144519177778,-0.025845410333339203,98.656238738,104.498679014
2024-01-28,0.416666667,0.0,53.419753086,30.1875,1.473684211,13.414634146,0.0,22.55,20.346428571,22.55,21.81547619033333,53.573755656,53.273170732,53.573755656,53.47356068133333,1.10483965,,1.10483965,1.10483965,6,Sunday,1,1,28,98.91223811,382.16735114766635,1527.5454299748574,490.83396593428955,22.538888889000003,0.03333333300000163,21.552432711999998,-1.803571428999998,22.538888889000003,0.03333333300000163,22.21007016333333,-0.5789682543333328,948.933576595,962.088084647
2024-01-29,1.181818182,861.5,71.838235294,27.1875,1.5,13.952941176,1792.5,22.057894737,21.40625,22.019047619,21.827730785333333,57.020819113,56.182178218,57.020819113,56.741272148,0.343882064,0.493150685,0.343882064,0.393638271,0,Monday,0,1,29,2769.660494652,1272.5021031189997,1593.9964431354288,1364.4583196174292,22.374853801333334,-0.4921052629999991,21.300892856999997,1.0598214289999994,22.361904761999998,-0.5309523810000023,22.012550473444445,0.0122545950000017,98.91223811,2304.503402528
2024-01-30,0.666666667,,55.9,24.45,1.5,13.095238095,1804.0,22.025,21.42,22.025,21.823333333333338,55.695238095,57.948,55.695238095,56.44615873,0.305392954,0.6,0.305392954,0.4035953026666667,1,Tuesday,0,1,30,1899.611904762,1589.3948791746664,1214.7155289451428,1362.1306892801158,22.210964912333335,-0.032894737000003005,21.05755952366667,0.013750000000001705,22.198015873000003,0.005952381000000173,21.822180103000004,-0.0043974519999956385,2769.660494652,4554.5783040940005
2024-01-31,0.666666667,0.0,61.049382716,53.405405405,1.519230769,21.293478261,1823.666666667,22.016666667,21.547826087,22.016666667,21.860386473666665,70.671024735,71.545054945,70.671024735,70.96236813833333,0.444878049,0.506666667,0.392817073,0.4481205963333333,2,Wednesday,0,1,31,1961.600830485,2210.291076633,1443.720307053,485.41865033109366,22.033187134666665,-0.008333332999999499,21.45802536233333,0.12782608699999898,22.02023809533333,-0.008333332999999499,21.837150197444448,0.037053140333327406,1899.611904762,358.56738373
2024-02-01,0.444444444,0.0,59.707692308,24.342857143,1.534482759,13.13,1190.166666667,22.341176471,22.184615385,22.341176471,22.28898944233333,72.250340136,71.506521739,72.250340136,72.00240067033333,0.314262295,,0.314262295,0.314262295,3,Thursday,0,2,1,1289.326143321,1716.8462928559995,1295.2430609518572,371.5383767821238,22.127614379333334,0.3245098040000016,21.717480490666663,0.6367892980000001,22.127614379333334,0.3245098040000016,21.99090308311111,0.4286029686666666,1961.600830485,2328.6668660289997
2024-02-02,0.5,,66.866666667,40.434782609,1.530612245,13.1,0.0,22.61,22.431578947,22.61,22.550526315666666,54.926153846,54.811363636,54.926153846,54.88789044266667,0.345248869,,0.345248869,0.345248869,4,Friday,0,2,2,122.432061521,1124.4530117756665,1298.6396070637143,930.6034613691872,22.322614379333334,0.26882352899999873,22.054673472999998,0.2469635619999977,22.322614379333334,0.26882352899999873,22.23330074388889,0.2615368733333341,1289.326143321,98.656238738
2024-02-03,0.5,0.0,64.945945946,,1.510638298,13.120879121,,22.55,22.340740741,22.55,22.480246913666665,50.052631579,50.280124224,50.052631579,50.12846246066667,0.280277778,,0.280277778,0.280277778,5,Saturday,1,2,3,80.077463365,497.2785560689997,1174.5173051737142,686.2601644784752,22.500392157000004,-0.05999999999999872,22.318978357666666,-0.09083820599999726,22.500392157000004,-0.05999999999999872,22.439920890555555,-0.0702794020000006,122.432061521,948.933576595
2024-02-04,0.5,444.25,55.473684211,,1.50877193,12.956521739,0.0,22.033333333,21.107142857,22.033333333,21.724603174333335,47.255921053,46.917346939,47.255921053,47.143063015,0.252683983,,0.252683983,0.252683983,6,Sunday,1,2,4,514.68897788,239.0661675886664,1233.9139822837144,239.63394617813765,22.397777777666665,-0.5166666669999991,21.959820848333333,-1.2335978840000017,22.397777777666665,-0.5166666669999991,22.251792134555558,-0.7556437393333297,80.077463365,98.91223811
2024-02-05,0.5,0.0,59.537313433,29.666666667,1.888888889,13.107526882,1199.25,22.048275862,21.455555556,22.048275862,21.85070242666667,53.682926829,52.149438202,53.682926829,53.17176395333333,0.229512579,0.5,0.229512579,0.3196750526666667,0,Monday,0,2,5,1303.950395871,632.9056123719997,1024.526825315,620.4414704330856,22.210536398333335,0.014942528999998927,21.634479717999998,0.3484126990000007,22.210536398333335,0.014942528999998927,22.01851750488889,0.12609925233333286,514.68897788,2769.660494652
2024-02-06,0.5,849.5,65.453333333,37.473684211,2.859649123,13.802197802,1804.0,22.05,21.532,22.05,21.877333333333336,51.343333333,51.153508772,51.343333333,51.28005847933333,0.302503497,0.481481481,0.302503497,0.3621628249999999,1,Tuesday,0,2,6,2773.5888644690003,1530.7427460733331,1149.3806767017143,1146.4001273511242,22.04386973166667,0.0017241380000001527,21.364899471,0.07644444399999983,22.04386973166667,0.0017241380000001527,21.81754631144445,0.026630906666667897,1303.950395871,1899.611904762
2024-02-07,0.5,0.0,53.487179487,39.829268293,11.078947368,13.180851064,908.0,22.070833333,21.611111111,22.070833333,21.917592592333335,52.860784314,52.141860465,52.860784314,52.621143031,0.990852974,0.491525424,0.990852974,0.8244104573333333,2,Wednesday,0,2,7,1026.076246212,1701.2051688506665,1015.7343075198571,939.0466461966653,22.056369731666667,0.020833332999998788,21.532888889000002,0.07911111099999957,22.056369731666667,0.020833332999998788,21.88187611744445,0.04025925899999905,2773.5888644690003,1961.600830485
2024-02-08,3.1,522.285714286,65.617283951,34.567567568,1.5,13.5625,0.5,22.103571429,21.661904762,22.103571429,21.95634920666667,59.308679245,52.139473684,59.308679245,56.918944058,0.357908046,0.494382022,0.357908046,0.4033993713333333,3,Thursday,0,2,8,641.133065805,1480.2660588286665,923.1352964461429,1136.4674314416152,22.074801587333337,0.03273809599999922,21.601671957666667,0.05079365099999933,22.074801587333337,0.03273809599999922,21.91709171077778,0.03875661433333377,1026.076246212,1289.326143321
2024-02-09,0.4,0.0,59.777777778,34.1,1.481481481,13.010752688,,22.06,21.78125,22.06,21.967083333333335,57.558638743,55.069354839,60.056502242,57.561498608,1.237947295,,1.237947295,1.237947295,4,Friday,0,2,9,108.770011947,591.9931079879997,921.1835750784286,460.6232011590929,22.078134920666667,-0.043571428999999995,21.684755291,0.11934523800000107,22.078134920666667,-0.043571428999999995,21.947008377444448,0.010734126666665844,641.133065805,122.432061521
2024-02-10,0.5,852.5,63.376623377,39.454545455,1.5,13.034090909,0.0,22.2,21.75625,22.2,22.052083333333332,61.869461078,62.35,61.869461078,62.02964071866666,0.361794159,0.5,0.361794159,0.4078627726666666,5,Saturday,1,2,10,970.365259741,573.4227791643331,1048.3675459892856,434.7701748545098,22.12119047633333,0.14000000000000057,21.733134920666668,-0.02499999999999858,22.12119047633333,0.14000000000000057,21.991838624444444,0.0849999999999973,108.770011947,80.077463365
2024-02-11,94.2,892.5,63.415584416,48.038461538,1.5,13.086021505,946.25,22.380952381,21.775,22.380952381,22.178968254,70.26728972,70.161702128,70.26728972,70.23209385599999,0.282457143,,0.282457143,0.282457143,6,Sunday,1,2,11,2058.990067459,1046.0417797156663,1268.9819873577144,977.3099651527727,22.21365079366667,0.18095238100000088,21.770833333333332,0.018749999999997158,22.21365079366667,0.18095238100000088,22.066044973555552,0.12688492066666868,970.365259741,514.68897788
2024-02-12,0.571428571,1151.333333333,55.540540541,41.256410256,1.5,13.0,1890.0,22.627777778,21.982352941,22.627777778,22.412636165666665,71.706730769,72.108695652,73.391836735,72.40242105200001,0.327602941,0.5,0.327602941,0.3850686273333333,0,Monday,0,2,12,3153.201712701,2060.8523466336665,1533.1607469048572,1091.4194180770028,22.402910053,0.2468253969999985,21.837867647,0.2073529409999999,22.402910053,0.2468253969999985,22.214562584333333,0.23366791166666445,2058.990067459,1303.950395871
2024-02-13,0.5,0.0,56.319444444,44.636363636,1.5,13.050632911,1522.083333333,23.045454545,22.56875,23.045454545,22.88655303,69.979,69.83,69.979,69.92933333333333,0.21839172,0.5,0.21839172,0.3122611466666667,1,Tuesday,0,2,13,1638.089774324,2283.4271848279996,1370.9465911698571,782.0933839336637,22.684728234666665,0.41767676699999967,22.108700980333335,0.5863970590000029,22.684728234666665,0.41767676699999967,22.492719149888888,0.47391686433333646,3153.201712701,2773.5888644690003
2024-02-14,0.5,483.428571429,64.418604651,37.64516129,1.5,13.340206186,1340.6875,22.623076923,21.959259259,22.623076923,22.40180436833333,69.668484848,70.158695652,69.668484848,69.83188844933333,0.230295082,0.5,0.230295082,0.3201967213333334,2,Wednesday,0,2,14,1941.520043556,2244.2705101936663,1501.7242765047142,801.6448279881328,22.76543641533333,-0.42237762199999906,22.170120733333334,-0.6094907410000019,22.76543641533333,-0.42237762199999906,22.566997854666667,-0.4847486616666714,1638.089774324,1026.076246212
2024-02-15,0.277777778,0.0,52.256410256,26.634146341,1.35,13.150943396,0.0,22.463333333,22.044444444,22.463333333,22.323703703333337,71.964179104,72.837962963,71.964179104,72.25544039033333,2.400617506,0.263157895,2.400617506,1.688130969,3,Thursday,0,2,15,93.669277771,1224.4263652169996,1423.5151639284286,990.9471101822594,22.710621600333337,-0.15974358999999794,22.190817901,0.08518518500000027,22.710621600333337,-0.15974358999999794,22.537353700555556,-0.0781006649999938,1941.520043556,641.133065805
2024-02-16,0.5,0.0,54.679487179,41.678571429,1.5,13.178947368,0.0,22.538888889,22.25,22.404545455,22.397811448,75.910429448,79.492857143,75.910429448,77.104572013,0.272403698,,0.272403698,0.272403698,4,Friday,0,2,16,111.537005976,715.575442434333,1423.9104487897143,1061.7367553646818,22.541766381666665,0.07555555599999764,22.084567901,0.2055555560000002,22.496985237,-0.058787878000000404,22.37443983988889,0.07410774466666226,93.669277771,108.770011947
2024-02-17,5.111111111,,56.113924051,29.952380952,1.45,13.063829787,,22.922222222,22.728571429,22.922222222,22.857671957666668,70.31559633,69.752173913,70.31559633,70.12778885766666,0.991683029,,0.991683029,0.991683029,5,Saturday,1,2,17,105.691245901,103.63250988266635,1300.3855896697144,9.110034209261666,22.641481481333333,0.3833333329999995,22.341005291,0.4785714289999987,22.596700336666668,0.5176767669999975,22.526395703000002,0.4598605096666688,111.537005976,970.365259741
2024-02-18,0.5,563.666666667,59.819277108,27.605263158,1.5,22.316326531,2.0,22.365517241,21.75,22.365517241,22.160344827333333,63.72195122,58.114782609,63.72195122,61.85289501633334,0.332275204,0.5,0.332275204,0.3881834693333333,6,Sunday,1,2,18,677.4075334639999,298.2119284469997,1103.0166562418572,328.4060343170746,22.608876117333335,-0.5567049809999993,22.242857143,-0.9785714289999987,22.564094972666666,-0.5567049809999993,22.471942744333333,-0.6973271303333348,105.691245901,2058.990067459
2024-02-19,185.681818182,849.0,58.209876543,40.959183673,1.5,34.134831461,1329.375,22.211111111,21.777777778,22.211111111,22.066666666666663,64.499107143,63.638709677,64.499107143,64.21230798766668,0.54884106,0.5,0.54884106,0.5325607066666667,0,Monday,0,2,19,2498.860709859,1093.9864964079998,1009.5393701215714,1249.7873999528392,22.499616858,-0.15440612999999814,22.085449735666668,0.027777778000000808,22.499616858,-0.15440612999999814,22.361561150555556,-0.0936781606666699,677.4075334639999,3153.201712701
2024-02-20,103.2,0.0,60.2,38.333333333,1.5,13.264367816,1787.0,21.827777778,21.010714286,21.827777778,21.55542328066667,68.625465839,68.647959184,68.625465839,68.63296362066667,0.408083832,0.508474576,0.408083832,0.4415474133333333,1,Tuesday,0,2,20,2003.497701149,1726.5886481573332,1061.7405025251428,941.7706122891154,22.134802043333334,-0.3833333329999995,21.512830687999998,-0.7670634920000019,22.134802043333334,-0.3833333329999995,21.927478258222223,-0.5112433859999932,2498.860709859,1638.089774324
2024-02-21,81.944444444,29.0,53.481481481,29.953488372,1.5,19.270588235,1843.0,21.785714286,21.069230769,21.785714286,21.546886447,66.0696,64.7203125,66.0696,65.6198375,0.295230978,0.5,0.295230978,0.3634873186666666,2,Wednesday,0,2,21,2058.150002532,2186.8361378466666,1078.401925236,271.5993716233997,21.941534391666668,-0.04206349200000048,21.285907611000003,0.058516483000001784,21.941534391666668,-0.04206349200000048,21.722992131444443,-0.008536833666671129,2003.497701149,1941.520043556
2024-02-22,0.5,289.0,55.551282051,33.083333333,1.5,13.04494382,972.909090909,22.211111111,21.265384615,22.211111111,21.895868945666667,68.351785714,66.211111111,68.351785714,67.638227513,0.353153014,0.502164502,0.353153014,0.40282351,3,Thursday,0,2,22,1365.588650113,1809.0787845979996,1260.1046927134287,385.0445987814367,21.941534391666668,0.425396825,21.11510989,0.19615384599999786,21.941534391666664,0.425396825,21.666059557777782,0.3489824986666683,2058.150002532,93.669277771
2024-02-23,0.5,,53.65625,39.407407407,1.5,13.162162162,1808.0,22.461904762,21.5875,22.461904762,22.170436508,68.98496732,68.283809524,68.98496732,68.75124805466668,0.215901899,,0.215901899,0.215901899,4,Friday,0,2,23,1916.225819569,1779.9881574046665,1517.9173803695714,365.8289657204733,22.152910053,0.2507936509999986,21.307371794666665,0.32211538500000003,22.152910053,0.2507936509999986,21.871063966888887,0.2745675623333348,1365.588650113,111.537005976
2024-02-24,0.5,563.333333333,66.305882353,34.735294118,1.473684211,12.988095238,20.5,22.752173913,21.94375,22.752173913,22.482699275333335,70.328205128,70.419444444,70.328205128,70.35861823333333,0.232795527,,0.232795527,0.232795527,5,Saturday,1,2,24,699.836289253,1327.2169196449997,1602.7952437055715,609.1019328814562,22.475063262000003,0.2902691510000004,21.598878205000002,0.35625000000000284,22.475063262000003,0.2902691510000004,22.183001576333336,0.31226276733333336,1916.225819569,105.691245901
2024-02-25,0.5,,64.842105263,24.2,1.476190476,12.960526316,1410.5,22.959090909,22.252173913,22.959090909,22.723451910333335,64.875,63.381395349,64.875,64.377131783,1.090092166,,1.090092166,1.090092166,6,Sunday,1,2,25,1514.478822055,1376.8469769589994,1722.3768563614285,619.764282573618,22.724389861333332,0.20691699600000035,21.927807970999996,0.3084239129999986,22.724389861333332,0.20691699600000035,22.458862564555556,0.24075263499999977,699.836289253,677.4075334639999
2024-02-26,163.090909091,690.2,59.695652174,50.625,1.5,22.680851064,0.0,22.4,21.961538462,22.4,22.253846154,62.841116751,62.405555556,62.841116751,62.695929686,0.33559466,0.492753623,0.33559466,0.3879809809999999,0,Monday,0,2,26,987.792412329,1067.3691745456663,1506.5099567142856,413.11010623825155,22.703754940666666,-0.5590909090000018,22.052487458333335,-0.290635451,22.703754940666666,-0.5590909090000018,22.48666577988889,-0.46960575633333335,1514.478822055,2498.860709859
2024-02-27,207.5,842.75,55.539473684,40.609756098,15.043478261,110.146067416,1826.333333333,22.438095238,21.986956522,22.376190476,22.267080745333335,60.263546798,59.519090909,60.263546798,60.015394834999995,0.952591006,0.495238095,0.952591006,0.8001400356666667,1,Tuesday,0,2,27,3097.922108792,1866.7311143919997,1662.8563006632855,1098.2818818801768,22.599062048999997,0.038095238000000364,22.066889632333332,0.025418059999999798,22.578427128333335,-0.02380952399999714,22.414792936555557,0.013234591333333157,987.792412329,2003.497701149
2024-02-28,78.736842105,569.333333333,63.725,41.018867925,17.166666667,75.895833333,1347.75,22.281481481,22.013043478,22.281481481,22.192002146666667,64.181428571,64.397272727,64.181428571,64.253376623,0.404024267,0.494949495,0.404024267,0.4343326763333333,2,Wednesday,0,2,28,2193.626543363,2093.113688161333,1682.2100922105715,1058.6495924144838,22.37319223966667,-0.1566137569999988,21.987179487333336,0.026086956000000328,22.352557319,-0.0947089950000013,22.237643015333333,-0.07507859866666777,3097.922108792,2058.150002532
2024-02-29,0.5,856.5,55.675675676,25.085714286,1.5,13.340206186,1800.0,22.336,21.92962963,22.336,22.200543209999996,52.730857143,58.501204819,52.730857143,54.65430636833333,0.588878924,0.495798319,0.588878924,0.5578520556666666,3,Thursday,0,2,29,2752.601596148,2681.383416101,1880.354798787,456.3350077416224,22.35185890633333,0.05451851899999838,21.97654321,-0.08341384799999929,22.331223985666668,0.05451851899999838,22.219875367333334,0.008541063333328935,2193.626543363,1365.588650113
2024-03-01,0.5,0.0,53.148648649,25.162790698,1.5,13.224719101,0.0,22.15,21.752380952,22.15,22.01746031733333,45.442424242,44.207627119,45.442424242,45.030825201,0.408627451,,0.408627451,0.408627451,4,Friday,0,3,1,93.536158448,1679.9214326529998,1619.970561484,1401.9903551985844,22.255827160333336,-0.18599999999999994,21.89835135333333,-0.17724867800000155,22.25582716033333,-0.18599999999999994,22.136668557999997,-0.18308289266666478,2752.601596148,1916.225819569
2024-03-02,0.5,856.0,63.024390244,25.628571429,1.5,13.164835165,,22.142857143,21.692857143,22.142857143,21.992857143,43.944221106,43.657377049,43.944221106,43.84860642033333,0.276842105,,0.276842105,0.276842105,5,Saturday,1,3,2,959.817796838,1268.651850478,1657.1107768532856,1356.1678011988256,22.209619047666667,-0.0071428569999980596,21.791622575,-0.059523808999998096,22.209619047666664,-0.0071428569999980596,22.07028689011111,-0.02460317433333259,93.536158448,699.836289253
2024-03-03,0.5,0.0,52.351351351,30.310344828,1.5,13.175824176,1487.8,22.084,21.246428571,22.084,21.804809523666663,52.010695187,52.11125,52.010695187,52.044213458,0.222047244,,0.222047244,0.222047244,6,Sunday,1,3,3,1585.637520355,879.6638252136664,1667.2763051818572,749.2730563196196,22.125619047666664,-0.05885714300000089,21.563888888666668,-0.4464285720000021,22.125619047666664,-0.05885714300000089,21.93837566133333,-0.1880476193333358,959.817796838,1514.478822055
2024-03-04,0.5,670.5,68.556962025,22.306122449,1.5,13.287234043,1796.75,22.15,21.614285714,22.15,21.971428571333337,65.241666667,66.161971831,65.241666667,65.54843505500001,0.238595041,0.5,0.238595041,0.3257300273333333,0,Monday,0,3,4,2573.400318517,1706.285211903333,1893.7917203515715,813.5287565132201,22.125619047666664,0.06599999999999895,21.517857142666667,0.36785714300000194,22.125619047666664,0.06599999999999895,21.923031746000003,0.1666190476666749,1585.637520355,987.792412329
2024-03-05,0.470588235,18.6,51.56,36.066666667,1.5,13.215053763,1698.294117647,22.142105263,21.496,22.142105263,21.926736842,76.257142857,77.270588235,76.257142857,76.59495798300001,0.267101227,0.5,0.267101227,0.3447341513333333,1,Tuesday,0,3,5,1819.706426312,1992.9147550613332,1711.1894799972858,516.1585804956742,22.125368421,-0.00789473699999732,21.452238095000002,-0.11828571400000243,22.125368421,-0.00789473699999732,21.900991645666668,-0.044691729333337094,2573.400318517,3097.922108792
2024-03-06,0.444444444,647.75,53.234567901,27.277777778,1.454545455,13.160493827,1906.733333333,22.36,21.680769231,22.266666667,22.102478632666664,64.694904459,64.108791209,64.694904459,64.49953337566667,1.027818411,0.5,1.027818411,0.8518789406666666,2,Wednesday,0,3,6,2650.055162738,2347.7206358556664,1776.3935684794287,458.87715719531684,22.217368421,0.21789473699999817,21.597018315,0.18476923100000064,22.186257310000002,0.12456140399999782,22.000214682000003,0.17574179066666318,1819.706426312,2193.626543363
2024-03-07,379.166666667,0.0,54.4,36.692307692,1.5,13.63,1222.833333333,22.112,21.892307692,22.112,22.038769230666663,65.773239437,65.600952381,65.773239437,65.71581041833333,0.330237248,0.492063492,0.330237248,0.3841793293333333,3,Thursday,0,3,7,1708.222307692,2059.327965580666,1627.1965272714285,514.6126147619581,22.204701754333332,-0.2480000000000011,21.689692307666665,0.21153846099999996,22.17359064333333,-0.15466666700000076,22.022661568444445,-0.06370940200000064,2650.055162738,2752.601596148
2024-03-08,0.4,,53.435897436,18.369565217,1.444444444,13.152173913,0.0,22.283333333,21.967857143,22.283333333,22.178174603,69.341818182,69.33828125,69.341818182,69.34063920466666,1.319390071,,1.319390071,1.319390071,4,Friday,0,3,8,86.80208101,1481.6931838133332,1626.2345162088573,1296.5543464201369,22.251777777666664,0.1713333330000033,21.846978022000002,0.07554945100000054,22.220666666666663,0.1713333330000033,22.10647415544444,0.13940537233333572,1708.222307692,93.536158448
2024-03-09,0.5,850.5,51.540540541,29.923076923,1.5,13.534090909,,22.463636364,22.058333333,22.463636364,22.328535353666663,74.708783784,74.262337662,76.185409253,75.05217689966666,0.299026946,,0.299026946,0.299026946,5,Saturday,1,3,9,947.497708373,914.174032358333,1624.474503571,811.2236056789287,22.28632323233333,0.18030303099999756,21.972832722666666,0.0904761900000004,22.28632323233333,0.18030303099999756,22.181826395777776,0.150360750666664,86.80208101,959.817796838
2024-03-10,0.5,,88.6,27.857142857,1.0,14.301204819,0.0,22.03125,21.470833333,22.03125,21.844444444333337,75.788,75.951456311,75.788,75.842485437,0.296123348,0.5,0.296123348,0.364082232,6,Sunday,1,3,10,132.258347676,388.85271235299973,1416.8489074740003,484.33432846375604,22.259406565666666,-0.4323863639999992,21.832341269666667,-0.5874999999999986,22.259406565666666,-0.4323863639999992,22.117051467,-0.4840909093333252,947.497708373,1585.637520355
2024-03-11,0.5,555.666666667,52.402439024,33.4,1.5,13.649350649,,21.918181818,21.519230769,21.918181818,21.785198135,64.885957447,68.22278481,68.871917808,67.32688668833333,0.294052863,0.538461538,0.294052863,0.3755224213333333,0,Monday,0,3,11,657.11845634,578.958170796333,1143.0943557344285,413.20161723377856,22.137689394000002,-0.11306818199999924,21.682799145,0.04839743599999835,22.137689394000002,-0.11306818199999924,21.986059311,-0.059246309333335745,132.258347676,2573.400318517
2024-03-12,0.5,826.0,50.460526316,28.0,1.5,13.408163265,0.0,21.55,20.983333333,21.55,21.361111111,66.59379845,66.3825,66.59379845,66.52336563333333,0.258385185,0.497716895,0.258385185,0.3381624216666667,1,Tuesday,0,3,12,919.868689581,569.7484978656663,1014.54610763,401.00828532809504,21.833143939333336,-0.36818181800000005,21.324465811666666,-0.5358974359999991,21.833143939333336,-0.36818181800000005,21.663584563444445,-0.4240870240000021,657.11845634,1819.706426312
2024-03-13,0.5,423.75,61.632183908,29.444444444,1.5,13.247311828,,21.455555556,20.97,21.455555556,21.293703704,77.509090909,62.515909091,77.509090909,72.51136363633333,0.22171799,0.5,0.22171799,0.31447866,2,Wednesday,0,3,13,530.0739401799999,702.3536953669997,711.6916472645714,198.7955150462806,21.641245791333333,-0.09444444400000052,21.157521367333334,-0.013333333000002057,21.641245791333333,-0.09444444400000052,21.480004316666665,-0.06740740700000103,919.868689581,2650.055162738
2024-03-14,149.923076923,847.5,48.428571429,39.545454545,1.5,13.0,,21.252941176,20.994444444,21.252941176,21.166775598666664,71.776344086,70.521590909,71.776344086,71.358093027,0.339319899,0.5,0.339319899,0.3928799326666666,3,Thursday,0,3,14,1099.897102897,849.9465775526663,624.7880465795714,291.27553193681615,21.419498910666665,-0.20261437999999998,20.982592592333333,0.02444444400000023,21.419498910666665,-0.20261437999999998,21.27386347122222,-0.12692810533333443,530.0739401799999,1708.222307692
2024-03-15,,0.0,50.611111111,,1.5,13.144444444,,21.553846154,21.3,21.553846154,21.469230769333333,65.332786885,64.788571429,65.332786885,65.15138173300001,0.379779951,,0.379779951,0.379779951,4,Friday,0,3,15,65.255555555,565.075532877333,621.7099715145714,518.2080822315207,21.420780962,0.3009049779999984,21.088148148,0.3055555560000016,21.420780962,0.3009049779999984,21.30990335733333,0.3024551706666685,1099.897102897,86.80208101
2024-03-16,,0.0,65.901408451,,1.444444444,13.071428571,,22.127777778,22.577419355,22.127777778,22.277658303666666,68.011612903,66.295238095,68.011612903,67.439487967,2.179068736,,2.179068736,2.179068736,5,Saturday,1,3,16,80.41728146599999,415.1899799726664,497.8413390992857,593.0222193313116,21.644855035999996,0.5739316240000001,21.623954599666664,1.2774193549999993,21.644855035999996,0.5739316240000001,21.63788822388889,0.8084275343333331,65.255555555,947.497708373
2024-03-17,,242.857142857,57.523809524,,1.5,13.522222222,,21.74,22.004347826,21.74,21.828115942,64.561722488,64.222695035,64.561722488,64.448713337,0.444323144,,0.444323144,0.444323144,6,Sunday,1,3,17,315.403174603,153.69200387466637,524.0048858031429,140.2510126055818,21.807207977333334,-0.38777777800000024,21.960589060333334,-0.5730715289999999,21.807207977333334,-0.38777777800000024,21.858335005,-0.4495423616666656,80.41728146599999,132.258347676
2024-03-18,,1.0,50.623376623,,16.416666667,28.518518519,,21.316666667,21.6875,21.316666667,21.440277778,65.289922481,69.305223881,65.289922481,66.628356281,1.447037618,0.493670886,1.447037618,1.1292487073333333,0,Monday,0,3,18,96.558561809,164.12633929266636,443.9249008701428,131.25793655587083,21.728148148333332,-0.42333333299999865,22.089755727,-0.31684782600000005,21.728148148333332,-0.42333333299999865,21.848684007888888,-0.3878381640000015,315.403174603,657.11845634
2024-03-19,0.5,552.666666667,51.898734177,23.048780488,1.5,13.218390805,0.0,21.305,21.704166667,21.305,21.438055555666665,74.456470588,72.780645161,74.456470588,73.89786211233333,0.350316456,0.5,0.350316456,0.4002109706666667,1,Tuesday,0,3,19,642.832572137,351.5981028496664,404.34831266385714,274.92976960133007,21.453888888999998,-0.011666667000000075,21.798671497666664,0.01666666699999908,21.453888888999998,-0.011666667000000075,21.568816425222224,-0.00222222233333369,96.558561809,919.868689581
2024-03-20,0.5,,56.534090909,20.305555556,1.5,34.871794872,,21.1,20.868965517,21.1,21.022988505666667,78.977722772,78.876923077,78.977722772,78.94412287366667,0.314309392,0.5,0.314309392,0.3762062613333333,2,Wednesday,0,3,20,113.711441337,284.3675250943331,344.8679556862857,310.5582840345701,21.24055555566667,-0.2049999999999983,21.420210728,-0.8352011499999996,21.24055555566667,-0.2049999999999983,21.30044061311111,-0.41506704999999755,642.832572137,530.0739401799999
2024-03-21,0.5,0.0,51.895348837,26.425,1.5,13.010638298,0.0,21.138095238,21.425925926,21.35,21.304673721333337,72.488489209,71.275714286,72.488489209,72.08423090133333,0.295963581,0.5,0.295963581,0.3639757206666666,3,Thursday,0,3,21,93.330987135,283.29166686966636,201.0727962917143,311.5382603288164,21.181031746,0.03809523799999681,21.33301937,0.556960409000002,21.251666666666665,0.25,21.25523926088889,0.2816852156666698,113.711441337,1099.897102897
2024-03-22,0.5,,51.240963855,40.192307692,1.5,12.96969697,,21.521052632,21.466666667,21.521052632,21.502923977,80.596585366,81.475221239,80.596585366,80.88946399033334,0.254526814,,0.254526814,0.254526814,4,Friday,0,3,22,106.402968517,104.48179899633304,206.95099814342856,10.325158478687651,21.253049290000003,0.3829573940000017,21.253852703333333,0.040740740999996916,21.32368421066667,0.17105263199999854,21.276862068,0.198250255666661,93.330987135,65.255555555
2024-03-23,0.5,858.5,59.513513514,25.862068966,1.5,12.898876404,0.0,22.564,23.28,22.564,22.802666666666667,73.290434783,70.455555556,73.290434783,72.34547504066666,0.74086747,,0.222766296,0.481816883,5,Saturday,1,3,23,958.774458884,386.1694715119997,332.43059491742855,495.93353672319296,21.741049289999996,1.042947368,22.057530864333334,1.8133333330000028,21.811684210666666,1.042947368,21.87008812166667,1.2997426896666688,106.402968517,80.41728146599999
2024-03-24,0.5,0.0,66.560606061,27.394736842,1.5,13.373737374,,22.876470588,23.915,22.876470588,23.222647058666663,68.311184211,65.469620253,68.311184211,67.363996225,0.257732919,,0.257732919,0.257732919,6,Sunday,1,3,24,109.329080277,391.50216922599975,302.9914385851429,491.27439226248697,22.32050774,0.31247058800000005,22.88722222233333,0.634999999999998,22.32050774,0.31247058800000005,22.509412567444443,0.4199803919999958,958.774458884,315.403174603
2024-03-25,0.5,,50.317647059,16.763157895,1.5,13.195402299,0.0,21.019047619,20.016129032,21.019047619,20.68474142333333,56.207094595,59.461904762,52.763636364,56.144211907,0.268603269,0.5,0.268603269,0.3457355126666666,0,Monday,0,3,25,82.276207253,383.45991547133303,300.95110222,498.42058783852667,22.15317273566667,-1.8574229690000017,22.403709677333335,-3.8988709680000007,22.15317273566667,-1.8574229690000017,22.236685049555557,-2.537905635333331,109.329080277,96.558561809
2024-03-26,0.5,0.0,46.835443038,13.06122449,1.428571429,13.280898876,,20.605882353,19.896774194,20.605882353,20.369512966666665,66.751689189,67.096568627,66.751689189,66.86664900166666,1.201709402,0.5,0.441640379,0.714449927,1,Tuesday,0,3,26,75.106137833,88.90380845433306,219.84732589085712,18.04844233275623,21.500466853333336,-0.41316526600000003,21.275967741999995,-0.11935483799999957,21.500466853333336,-0.41316526600000003,21.42563381622222,-0.31522845666666655,82.276207253,642.832572137
2024-03-27,0.5,,59.217948718,28.4,6.642857143,25.774193548,0.0,21.28,21.139130435,21.28,21.233043478333332,66.664,64.136363636,66.664,65.82145454533334,0.333610354,0.5,0.333610354,0.3890735693333333,2,Wednesday,0,3,27,120.534999409,92.6391148316664,220.82211990114283,24.42309882325333,20.968309990666665,0.6741176470000028,20.350677887,1.2423562409999995,20.968309990666665,0.6741176470000028,20.762432622777776,0.8635305116666672,75.106137833,113.711441337
2024-03-28,0.454545455,0.0,59.987804878,16.146341463,1.5,13.070422535,0.0,21.776190476,21.56,21.776190476,21.704126984,68.126600985,67.717910448,68.126600985,67.990370806,0.740193638,0.496503497,0.740193638,0.658963591,3,Thursday,0,3,28,91.159114331,95.60008385766639,220.51185235771428,23.03773043878245,21.220690942999997,0.4961904759999989,20.865301542999998,0.4208695650000003,21.220690942999997,0.4961904759999989,21.102227809666662,0.471083505666666,120.534999409,93.330987135
2024-03-29,0.5,863.0,53.419753086,29.638888889,1.5,12.918604651,,21.770588235,21.457142857,21.770588235,21.666106442333337,69.851515152,72.947272727,73.113930348,71.97090607566666,0.349122542,,0.349122542,0.349122542,4,Friday,0,3,29,960.977246626,390.89045345533304,342.5938920875714,493.9280812696676,21.608926237000002,-0.005602240999998287,21.38542443066667,-0.10285714299999782,21.608926237000002,-0.005602240999998287,21.53442563488889,-0.038020541666661245,91.159114331,106.402968517
2024-03-30,0.5,0.0,56.243243243,38.227272727,1.5,13.446808511,,21.854545455,21.564705882,21.854545455,21.757932264,82.307608696,82.5234375,73.304347826,79.378464674,0.28065449,0.5,0.28065449,0.35376966,5,Saturday,1,3,30,109.917324481,387.3512284793331,221.32858717285714,496.8632348374182,21.800441388666666,0.0839572199999985,21.527282913000004,0.10756302499999748,21.800441388666666,0.0839572199999985,21.709388563444445,0.09182582166666364,960.977246626,958.774458884
2024-03-31,0.5,,54.16,31.548387097,1.5,13.233333333,,22.338095238,22.282608696,22.338095238,22.319599724,76.880876494,76.305882353,76.880876494,76.68921178033334,0.262464455,,0.262464455,0.262464455,6,Sunday,1,3,31,100.94172043,390.6120971789998,220.130392909,493.9710954547742,21.987742976000003,0.48354978300000084,21.768152478333334,0.7179028140000021,21.987742976000003,0.48354978300000084,21.914546143444444,0.5616674599999989,109.917324481,109.329080277
2024-04-01,0.5,863.0,54.4625,28.428571429,1.470588235,13.252631579,,21.8,21.331034483,21.8,21.643678161,66.742173913,67.769026549,67.900555556,67.47058533933334,0.212331691,0.5,0.212331691,0.3082211273333333,0,Monday,0,4,1,961.114291243,390.65777871799975,345.67869062185713,494.0502149363511,21.997546897666666,-0.5380952380000004,21.72611635366667,-0.9515742130000007,21.997546897666666,-0.5380952380000004,21.907070049666668,-0.6759215629999993,100.94172043,82.276207253
2024-04-02,0.5,853.5,56.804597701,31.411764706,1.5,13.357142857,,21.9125,21.448,21.9125,21.757666666666665,60.336548223,59.656140351,60.336548223,60.109745599,0.253172303,0.5,0.253172303,0.335448202,1,Tuesday,0,4,2,957.073505264,673.043172312333,471.67402882628573,495.4585102934793,22.016865079333332,0.11250000000000071,21.687214393,0.11696551700000057,22.016865079333332,0.11250000000000071,21.90698151722222,0.11398850566666496,961.114291243,75.106137833
2024-04-03,0.5,853.5,62.435897436,30.392857143,1.5,13.326086957,,21.952380952,21.507692308,21.952380952,21.804151404,59.699561404,59.254411765,59.699561404,59.551178191,0.2661875,0.5,0.2661875,0.344125,2,Wednesday,0,4,3,961.654841536,959.947546014333,591.8340062730001,2.5036236394541795,21.888293650666668,0.039880951999997194,21.428908930333336,0.05969230799999892,21.888293650666668,0.039880951999997194,21.735165410555556,0.04648473733333347,957.073505264,120.534999409
2024-04-04,0.5,,49.547945205,25.909090909,1.428571429,13.141304348,,21.984615385,21.636363636,21.984615385,21.868531468666664,61.93875,62.318987342,61.93875,62.06549578066667,0.316288089,0.5,0.316288089,0.3775253926666666,3,Thursday,0,4,4,90.526911891,669.7517528969997,591.7436916387143,501.6286569658129,21.949832112333336,0.03223443300000284,21.530685314666666,0.12867132799999936,21.949832112333336,0.03223443300000284,21.81011651311111,0.0643800646666648,961.654841536,91.159114331
2024-04-05,0.5,,54.582278481,24.0,1.5,14.02173913,,22.07826087,21.672,22.07826087,21.94284058,65.955454545,66.517518248,65.955454545,66.14280911266667,0.368047753,,0.308130435,0.338089094,4,Friday,0,4,5,94.604017611,382.26192367933305,467.97608749371426,501.77312666642996,22.005085735666665,0.0936454849999997,21.60535198133333,0.03563636400000192,22.005085735666665,0.0936454849999997,21.871841150888887,0.07430911133333495,90.526911891,960.977246626
2024-04-06,0.5,870.5,61.404761905,29.833333333,1.466666667,13.733333333,,22.056521739,21.671428571,22.056521739,21.928157349666662,65.265863454,65.020253165,65.265863454,65.18399335766667,0.35248927,,0.35248927,0.35248927,5,Saturday,1,4,6,977.438095238,387.5230082466664,591.9076261732856,510.88551857804003,22.03979933133333,-0.021739131000000356,21.659930735666666,-0.0005714290000007338,22.03979933133333,-0.021739131000000356,21.91317646611111,-0.014683230333336184,94.604017611,109.917324481
2024-04-07,0.5,,63.939759036,31.6,1.5,13.362637363,,22.063636364,21.69375,22.063636364,21.940340909333333,65.438541667,64.866129032,65.438541667,65.24773745533334,0.323145401,,0.323145401,0.323145401,6,Sunday,1,4,7,110.902396399,394.3148364159997,593.3305798831428,505.0653032254015,22.066139657666668,0.007114624999999819,21.679059523666666,0.022321429000001558,22.066139657666668,0.007114624999999819,21.937112946333333,0.012183559666670618,977.438095238,100.94172043
2024-04-08,0.5,,51.831325301,33.393939394,1.5,13.356435644,,22.080769231,21.938888889,22.080769231,22.03347578366667,63.795762712,63.56163522,63.795762712,63.71772021466666,0.282647929,,0.282647929,0.282647929,0,Monday,0,4,8,100.581700339,396.30739732533306,470.3973526111428,503.3004025769636,22.066975778,0.01713286700000083,21.768022486666666,0.2451388889999997,22.066975778,0.01713286700000083,21.96732468088889,0.09313487433333734,110.902396399,961.114291243
2024-04-09,0.5,,50.726027397,27.735294118,1.555555556,13.47311828,,22.152941176,21.773529412,22.152941176,22.026470588,64.256680162,63.88447205,64.256680162,64.13261079133333,0.262979719,,0.262979719,0.262979719,1,Tuesday,0,4,9,93.989995351,101.82469736299974,347.0997083378571,8.524441829123008,22.09911559033333,0.07217194499999735,21.802056100333335,-0.16535947700000264,22.09911559033333,0.07217194499999735,22.000095760333334,-0.007005195666671682,100.581700339,957.073505264
2024-04-10,0.5,,55.487179487,27.371428571,1.5,13.281553398,,22.145833333,21.971875,22.145833333,22.087847221999997,64.215918367,63.831360947,64.215918367,64.08773256033334,0.244162754,,0.244162754,0.244162754,2,Wednesday,0,4,10,98.140161456,97.5706190486664,223.74046832642858,3.3325557118007723,22.126514580000002,-0.007107843000000003,21.894764433666666,0.19834558800000224,22.126514580000002,-0.007107843000000003,22.049264531222224,0.061376633999998376,93.989995351,961.654841536
2024-04-11,0.5,,48.742857143,24.279069767,1.5,13.326086957,,22.163636364,22.217857143,22.163636364,22.181709957,74.184452297,74.374850299,74.184452297,74.24791829766667,0.421097561,,0.208526149,0.314811855,3,Thursday,0,4,11,88.348013867,93.49272355799974,223.42919718014286,4.9149769097116875,22.154136957666665,0.01780303099999969,21.987753851666668,0.2459821429999991,22.154136957666665,0.01780303099999969,22.09867592233333,0.09386273500000186,98.140161456,90.526911891
2024-04-12,0.5,,51.415584416,22.106382979,1.5,13.197916667,,22.15,22.186666667,22.15,22.16222222233333,,62.653804348,63.403584229,63.028694288500006,0.241725806,,0.485664516,0.363695161,4,Friday,0,4,12,88.719884062,91.73601979499973,222.58860667314283,5.549265236571257,22.153156565666663,-0.013636363999999901,22.12546627,-0.031190475999999023,22.153156565666663,-0.013636363999999901,22.14392646711111,-0.019487734666668644,88.348013867,94.604017611
2024-04-13,0.5,863.5,61.976470588,21.954545455,1.5,13.178947368,1863.0,22.121428571,22.013333333,22.121428571,22.085396825,60.607608696,59.918674699,60.607608696,60.37796403033334,0.279861538,,0.279861538,0.279861538,5,Saturday,1,4,13,2825.609963411,1000.8926204466665,486.61315926928575,1580.2515846718745,22.145021644999996,-0.028571428999999426,22.139285714333337,-0.17333333400000228,22.145021644999996,-0.028571428999999426,22.14310966811111,-0.07682539733333016,88.719884062,977.438095238
2024-04-14,0.5,,52.443181818,29.5,1.4,13.845238095,0.5,22.13,22.148,22.13,22.136,50.251470588,48.827516779,50.251470588,49.77681931833333,0.349970845,,0.413836735,0.3819037899999999,6,Sunday,1,4,14,98.188419913,1004.172755795333,484.7968769141429,1577.4179976334287,22.133809523666667,0.008571428999999853,22.116,0.13466666700000118,22.133809523666667,0.008571428999999853,22.127873015777777,0.05060317499999911,2825.609963411,110.902396399
2024-04-15,233.761904762,71.0,55.9,32.4,27.541666667,13.857142857,1782.625,21.984,21.890909091,21.984,21.952969697,63.264485981,66.374509804,63.264485981,64.30116058866666,0.36904703,0.494845361,0.36904703,0.410979807,0,Monday,0,4,15,2217.085714286,1713.6280325366663,787.1545931922857,1431.715508391441,22.078476190333333,-0.14599999999999724,22.017414141333333,-0.25709090899999865,22.078476190333333,-0.14599999999999724,22.058122174,-0.1830303029999989,98.188419913,100.581700339
2024-04-16,0.5,,55.736111111,36.147058824,1.5,14.527472527,0.5,22.970588235,23.081818182,22.970588235,23.007664883999997,77.005581395,80.129565217,77.005581395,78.04690933566667,0.338743316,,0.338743316,0.338743316,1,Tuesday,0,4,16,108.910642462,808.061592220333,789.2861142081429,1220.2624610862563,22.361529411666666,0.9865882349999993,22.373575757666668,1.1909090909999982,22.361529411666666,0.9865882349999993,22.36554486033333,1.0546951869999965,2217.085714286,93.989995351
2024-04-17,113.9375,853.5,54.897058824,33.828571429,1.5,13.277777778,2.5,23.40952381,23.552631579,23.40952381,23.457226399666663,75.128089888,75.6,75.403030303,75.37704006366666,0.313949329,0.492957746,0.313949329,0.3736188013333333,2,Wednesday,0,4,17,1073.440908031,1133.145754926333,928.6147922902857,1055.3549331490929,22.788037348333336,0.4389355749999986,22.841786283999998,0.4708133970000006,22.788037348333336,0.4389355749999986,22.80595366022222,0.4495615156666659,108.910642462,98.140161456
2024-04-18,0.466666667,555.666666667,57.31884058,42.173913043,1.5,13.360465116,1781.5,23.206666667,23.340909091,23.206666667,23.251414141666668,65.39787234,64.235849057,65.39787234,65.01053124566667,0.295321375,0.5,0.295321375,0.3635475833333333,3,Thursday,0,4,18,2451.986552073,1211.4460341886663,1266.2774406054286,1177.6184614229674,23.195592903999998,-0.20285714299999924,23.325119617333332,-0.2117224879999995,23.195592903999998,-0.20285714299999924,23.23876847511111,-0.20581225799999459,1073.440908031,88.348013867
2024-04-19,0.5,,64.736842105,40.153846154,1.5,13.325842697,,22.916666667,22.89,22.916666667,22.907777778,73.605194805,73.376237624,73.605194805,73.52887574466666,0.272526799,,0.272526799,0.272526799,4,Friday,0,4,19,120.216530956,1215.2146636866662,1270.7769615902857,1172.3321654674182,23.177619048,-0.28999999999999915,23.26118022333333,-0.45090909099999976,23.177619048,-0.28999999999999915,23.20547277311111,-0.3436363636666684,2451.986552073,88.719884062
2024-04-20,0.5,0.0,62.541666667,24.1,1.5,13.468085106,,23.0,22.829411765,23.0,22.943137255,76.727040816,76.433333333,76.727040816,76.62913832166667,0.236901408,0.5,0.236901408,0.3246009386666666,5,Saturday,1,4,20,102.109751773,891.4376116006662,881.7055027848572,1351.5053498118623,23.041111111333333,0.08333333299999879,23.020106952000003,-0.06058823500000088,23.041111111333333,0.08333333299999879,23.03410972488889,0.035359477000000084,120.216530956,2825.609963411
2024-04-21,0.5,,55.968253968,0.538461538,1.5,13.347368421,616.0,23.022727273,22.954166667,23.022727273,22.999873737666665,58.842285714,57.868269231,58.842285714,58.517613553,0.239908953,,0.239908953,0.239908953,6,Sunday,1,4,21,687.854083927,303.3934555519996,965.943454786857,333.07573454241026,22.97979798,0.02272727300000099,22.891192810666666,0.12475490199999939,22.97979798,0.02272727300000099,22.950262923555556,0.056736482666664756,102.109751773,98.188419913
2024-04-22,0.5,0.0,54.205479452,0.5,1.375,13.395061728,1774.333333333,22.473076923,22.694117647,21.757894737,22.308363102333335,54.399616858,53.101369863,54.399616858,53.96686785966667,0.342279942,0.5,0.342279942,0.3948532946666667,0,Monday,0,4,22,1844.308874513,878.090903404333,912.6896205335714,886.5421487062205,22.831934731999997,-0.5496503500000003,22.825898693,-0.2600490200000003,22.59354067,-1.2648325360000001,22.750458031666668,-0.69151063533333,687.854083927,2217.085714286
2024-04-23,54.071428571,15.25,56.679487179,39.367346939,1.5,13.208333333,1752.0,21.734615385,22.173333333,21.734615385,21.880854701,65.81122449,66.259748428,65.81122449,65.96073246933334,0.324763833,0.492537313,0.324763833,0.3806883263333333,1,Tuesday,0,4,23,1932.076596022,1488.079851487333,1173.1418996135715,694.4038828631092,22.410139860333334,-0.7384615379999993,22.607205882333332,-0.5207843140000001,22.171745798333333,-0.02327935199999942,22.396363847000003,-0.4275084013333341,1844.308874513,108.910642462
2024-04-24,140.230769231,551.666666667,54.168831169,32.961538462,1.461538462,54.915789474,1792.5,21.830769231,21.902857143,21.830769231,21.854798535,63.286238532,62.736842105,63.286238532,63.103106389666664,0.413227092,0.490566038,0.413227092,0.4390067406666667,2,Wednesday,0,4,24,2627.905133465,2134.763534666666,1395.2082175327143,429.32187293888626,22.012820512999998,0.09615384599999999,22.256769374333334,-0.2704761900000001,21.774426451,0.09615384599999999,22.014672112777777,-0.026056166000000047,1932.076596022,1073.440908031
2024-04-25,121.333333333,285.833333333,52.794520548,33.568627451,1.5,13.134020619,1763.0,21.941176471,22.323529412,21.941176471,22.06862745133333,46.209265176,44.3875,46.209265176,45.60201011733333,0.410984394,0.5,0.410984394,0.4406562626666666,3,Thursday,0,4,25,2271.163835284,2277.048521590333,1369.3764008485716,347.95159222183497,21.83552036233333,0.11040723999999713,22.133239962666664,0.42067226900000065,21.83552036233333,0.11040723999999713,21.93476022911111,0.21382891633333045,2627.905133465,2451.986552073
2024-04-26,0.5,0.0,52.218390805,32.0,1.5,13.341176471,,21.688888889,21.4375,21.688888889,21.605092592666665,67.433877551,67.467283951,67.433877551,67.44501301766667,0.308393855,,0.308393855,0.308393855,4,Friday,0,4,26,99.559567276,1666.209512008333,1366.4254060371427,1368.4334567140386,21.820278197000004,-0.25228758199999746,21.887962185000003,-0.8860294119999992,21.820278197000004,-0.25228758199999746,21.842839526333332,-0.4635348586666659,2271.163835284,120.216530956
2024-04-27,0.5,,53.4,17.531914894,1.5,13.294117647,,21.573913043,21.628,21.573913043,21.591942028666665,61.066528926,60.592156863,61.066528926,60.908404905,0.295142003,,0.295142003,0.295142003,5,Saturday,1,4,27,86.226032541,818.9831450336661,1364.1563032897143,1257.6430390373414,21.73465946766667,-0.1149758460000001,21.796343137333334,0.1905000000000001,21.73465946766667,-0.1149758460000001,21.755220690888887,-0.013150564000000031,99.559567276,102.109751773
2024-04-28,0.5,0.0,61.178571429,40.935483871,1.5,13.735632184,,21.628571429,21.275,21.628571429,21.510714286,57.416184971,57.445360825,57.416184971,57.42591025566667,0.282088415,,0.282088415,0.282088415,6,Sunday,1,4,28,117.849687484,101.21176243366621,1282.7271037978571,15.87643535595223,21.630457787,0.05465838599999984,21.44683333333333,-0.35300000000000153,21.630457787,0.05465838599999984,21.569249635777776,-0.0812277426666661,86.226032541,687.854083927
2024-04-29,0.5,573.0,64.649350649,25.294117647,1.5,13.337209302,1360.625,21.574074074,21.926923077,21.574074074,21.691690408333333,57.011814346,55.9,57.011814346,56.641209564,0.528772242,0.5,0.2562986,0.4283569473333333,0,Monday,0,4,29,2038.905677598,747.660465874333,1310.5266470957142,1118.3629381768055,21.592186182000003,-0.0544973550000023,21.609974359000002,0.6519230770000028,21.592186182000003,-0.0544973550000023,21.598115574333335,0.18097612233333393,117.849687484,1844.308874513
2024-04-30,0.5,684.2,49.917808219,15.916666667,1.666666667,13.52688172,890.625,20.795454545,20.95,20.795454545,20.846969696666665,63.717622951,64.783333333,63.717622951,64.072859745,0.227996918,0.4,0.227996918,0.2853312786666667,1,Tuesday,0,4,30,1656.353023273,1271.0361294516663,1271.1375652744284,1016.8411187527324,21.332700016,-0.7786195290000002,21.383974358999996,-0.9769230770000021,21.332700016,-0.7786195290000002,21.349791463666666,-0.8447207116666675,2038.905677598,1932.076596022
2024-05-01,0.5,849.0,51.868421053,13.142857143,1.5,40.395604396,891.75,20.541666667,20.367857143,20.541666667,20.483730159,63.570689655,63.585,63.570689655,63.57545977,0.262422452,0.48,0.262422452,0.3349483013333333,2,Wednesday,0,5,1,1848.156882592,1847.805194487666,1159.7449580068571,191.2765696476372,20.970398428666666,-0.25378787799999714,21.081593406666666,-0.5821428570000009,20.970398428666666,-0.25378787799999714,21.00746342133333,-0.36323953766666506,1656.353023273,2627.905133465
2024-05-02,0.5,594.333333333,62.526315789,31.513513514,1.470588235,13.11827957,,21.895652174,22.594444444,21.895652174,22.128582930666667,85.657798165,83.727586207,85.657798165,85.014394179,0.384186747,,0.384186747,0.384186747,3,Thursday,0,5,2,703.4620304410001,1402.6573121019999,935.7875573150002,613.0682764057913,21.077591128666665,1.3539855069999973,21.304100529,2.226587301000002,21.077591128666665,1.3539855069999973,21.15309426211111,1.6448527716666668,1848.156882592,2271.163835284
2024-05-03,0.5,,55.567567568,39.90625,1.5,13.247058824,,23.177272727,23.755555556,23.177272727,23.37003367,77.123529412,76.052755906,,76.588142659,0.306485714,,0.306485714,0.306485714,4,Friday,0,5,3,110.720876392,887.4465964749998,937.3820300458573,883.2093236113891,21.871530522666664,1.2816205529999998,22.239285714333334,1.1611111120000004,21.871530522666664,1.2816205529999998,21.994115586555555,1.2414507393333345,703.4620304410001,99.559567276
2024-05-04,0.461538462,19.0,56.44,41.771428571,1.4,37.483516484,1817.5,23.286363636,23.895238095,23.286363636,23.489321789,64.401984127,62.912571429,64.401984127,63.90551322766667,0.440686695,0.5,0.440686695,0.4604577966666667,5,Saturday,1,5,4,1974.056483517,929.4131301166663,1207.072094471,951.9954415744078,22.78642951233333,0.10909090900000251,23.415079365,0.13968253899999894,22.78642951233333,0.10909090900000251,22.995979463222223,0.11928811900000014,110.720876392,86.226032541
2024-05-05,72.714285714,465.0,52.44,43.465517241,1.470588235,15.537634409,1798.25,21.343478261,20.40625,21.343478261,21.031068840666663,62.4125,63.569172932,62.4125,62.798057644,0.358091787,0.5,0.359108368,0.405733385,6,Sunday,1,5,5,2448.878025599,1511.2184618359995,1540.076142773143,1235.8838899071936,22.602371541333337,-1.9428853749999995,22.685681217,-3.488988095,22.602371541333337,-1.9428853749999995,22.63014143322222,-2.458252948333339,1974.056483517,117.849687484
2024-05-06,125.4375,689.6,61.217948718,41.782608696,1.5,27.97979798,1823.5,21.01,20.385714286,21.01,20.801904762000003,69.082887701,69.309565217,69.082887701,69.158446873,0.332919509,0.512195122,0.332919509,0.3926780466666666,0,Monday,0,5,6,2771.017855394,2397.984121503333,1644.663596744,400.91083693458967,21.879947298999998,-0.3334782609999998,21.562400793666665,-0.020535714000001093,21.879947298999998,-0.3334782609999998,21.77409846388889,-0.22916407866665978,2448.878025599,2038.905677598
2024-05-07,19.166666667,859.5,58.725274725,32.666666667,1.5,13.214285714,1478.916666667,21.295,20.896153846,21.144444444,21.11186609666667,72.730805687,73.04609375,72.730805687,72.835901708,0.301453488,0.5,0.301453488,0.3676356586666666,1,Tuesday,0,5,7,2463.6895604399997,2561.195147144333,1759.9973877678572,181.8626461481502,21.216159420333337,0.28500000000000014,20.562706044,0.5104395600000018,21.165974235000004,0.13444444399999966,20.981613233111112,0.3099613346666672,2771.017855394,1656.353023273
2024-05-08,0.5,490.428571429,50.941860465,36.483870968,1.5,13.053763441,3578.0,20.957692308,20.483333333,20.957692308,20.79957264966667,71.614009662,71.582300885,71.614009662,71.60344006966666,0.255911854,0.5,0.255911854,0.3372745693333334,2,Wednesday,0,5,8,4170.908066303,3135.2051607123326,2091.818985440857,910.0126656846867,21.087564102666665,-0.3373076920000031,20.588400488333335,-0.4128205129999998,21.03737891733333,-0.18675213600000262,20.904447836111114,-0.31229344700000183,2463.6895604399997,1848.156882592
2024-05-09,0.5,843.5,49.410958904,20.675,1.5,13.302083333,1095.615384615,21.094736842,21.103571429,21.094736842,21.097681704333333,66.791176471,66.696969697,66.791176471,66.759774213,0.230520833,0.5,0.230520833,0.320347222,3,Thursday,0,5,9,2024.503426852,2886.367017864999,2280.5391849281427,1133.9115458560443,21.115809716666664,0.13704453400000105,20.82768620266667,0.6202380959999978,21.06562453133333,0.13704453400000105,21.003040150222223,0.29810905466666426,4170.908066303,703.4620304410001
2024-05-10,6.363636364,870.0,49.25,25.288888889,1.5,13.176470588,,21.495238095,21.765384615,21.495238095,21.585286935,67.036363636,75.475,75.946728972,72.81936420266668,0.255295903,0.666666667,0.255295903,0.392419491,4,Friday,0,5,10,965.578995841,2386.996829665333,2402.661773420857,1633.1211568036188,21.182555748333332,0.4005012530000016,21.117429792333333,0.6618131859999998,21.182555748333332,0.4005012530000016,21.16084709633333,0.4876052306666665,2024.503426852,110.720876392
2024-05-11,0.461538462,844.75,51.232876712,26.534883721,1.5,13.512195122,1800.0,21.204,20.995454545,21.204,21.134484848333333,76.108333333,76.310280374,76.108333333,76.17564901333334,0.42183355,0.428571429,0.280819672,0.3770748836666667,5,Saturday,1,5,11,2737.991494017,1909.357972236666,2511.795346349428,891.7989530782991,21.264658312333335,-0.29123809500000064,21.288136863000002,-0.7699300699999974,21.264658312333335,-0.29123809500000064,21.272484495888886,-0.4508020866666662,965.578995841,1974.056483517
2024-05-12,14.5,560.0,60.109756098,32.027777778,1.4,35.775280899,1774.0,20.938888889,21.119047619,20.938888889,20.998941799,68.316574586,67.668041237,68.316574586,68.10039680300001,0.436101449,0.5,0.436101449,0.4574009659999999,6,Sunday,1,5,12,2477.812814775,2060.461101544333,2515.9288876602855,957.0780299040676,21.212708994666666,-0.2651111109999995,21.293295593,0.12359307399999864,21.212708994666666,-0.2651111109999995,21.23957119411111,-0.13554304933333228,2737.991494017,2448.878025599
2024-05-13,0.444444444,443.75,58.114285714,37.511627907,18.333333333,14.397849462,1726.0,21.292857143,21.475862069,21.292857143,21.353858785,67.026923077,66.469473684,67.026923077,66.84110661266668,0.358773704,0.5,0.358773704,0.405849136,0,Monday,0,5,13,2298.55154086,2504.7852832173326,2448.4336998697145,220.95814908724813,21.145248677333335,0.353968253999998,21.196788077666668,0.35681445000000167,21.145248677333335,0.353968253999998,21.162428477444447,0.3549169859999992,2477.812814775,2771.017855394
2024-05-14,3.421052632,2.0,51.169014085,33.5,1.0,15.829545455,1107.666666667,20.766666667,21.68974359,20.766666667,21.074358974666666,52.721212121,52.566666667,52.721212121,52.66969696966667,0.473041916,0.495575221,0.473041916,0.4805530176666666,1,Tuesday,0,5,14,1214.586278839,1996.983544824666,2269.9903739267143,683.478428663108,20.999470899666665,-0.526190476,21.428217759333336,0.21388152099999758,20.999470899666665,-0.526190476,21.142386519555554,-0.27949981033333415,2298.55154086,2463.6895604399997
2024-05-15,247.583333333,,54.294871795,32.211538462,1.5,13.827586207,2005.857142857,20.386666667,21.677142857,20.386666667,20.816825397,63.770466321,61.903773585,63.770466321,63.148235409,0.359509434,0.505617978,0.359509434,0.408212282,2,Wednesday,0,5,15,2355.274472654,1956.1374307843325,2010.6141462625715,642.8280920754897,20.815396825666667,-0.379999999999999,21.614249505333333,-0.012600732999999309,20.815396825666667,-0.379999999999999,21.081681052222223,-0.25753357766666696,1214.586278839,4170.908066303
2024-05-16,0.5,650.8,51.283783784,17.8,1.5,13.430379747,1287.0,20.369230769,21.55,20.369230769,20.762820512666668,71.498312236,68.523140496,71.498312236,70.50658832266667,0.289251497,0.497409326,0.289251497,0.35863744,3,Thursday,0,5,16,2022.314163531,1864.0583050079995,2010.3013943595713,586.5799829902737,20.507521367666666,-0.017435897999998673,21.638962148999997,-0.12714285699999905,20.507521367666666,-0.017435897999998673,20.88466829477778,-0.05400488433333095,2355.274472654,2024.503426852
2024-05-17,0.5,,61.076923077,16.46,1.529411765,13.45,,20.204761905,21.1125,20.204761905,20.50734127,65.536651584,64.254744526,65.536651584,65.10934923133333,0.260540123,,0.37291834,0.3167292315,4,Friday,0,5,17,93.016334842,1490.2016570089997,1885.6495856454283,1221.3970526499545,20.320219780333332,-0.16446886399999983,21.446547619,-0.4375,20.320219780333332,-0.16446886399999983,20.69566239322222,-0.25547924266666655,2022.314163531,965.578995841
2024-05-18,0.5,5.333333333,49.658823529,22.317073171,1.5,13.534653465,,20.181818182,20.855172414,20.181818182,20.406269592666664,71.933783784,71.035338346,71.933783784,71.63430197133333,0.252470238,,0.252470238,0.252470238,5,Saturday,1,5,18,92.843883498,736.0581272903328,1507.7713555712855,1113.9304064927144,20.251936951999998,-0.022943723000000915,21.172557471333334,-0.2573275860000024,20.251936951999998,-0.022943723000000915,20.558810458444444,-0.1010716773333371,93.016334842,2737.991494017
2024-05-19,0.5,415.75,49.708860759,24.611111111,1.5,13.326732673,0.0,20.056,21.862068966,20.056,20.65802298866667,75.172144847,75.530620155,75.172144847,75.29163661633334,0.249637681,0.5,0.249637681,0.3330917873333334,6,Sunday,1,5,19,505.396704543,230.41897429433274,1225.9976255381428,238.13771548074814,20.147526695666667,-0.12581818199999972,21.27658046,1.0068965520000006,20.147526695666667,-0.12581818199999972,20.523877950444444,0.2517533960000051,92.843883498,2477.812814775
2024-05-20,0.5,372.6,50.146666667,12.392857143,1.5,13.494623656,1167.833333333,20.352,20.188,20.642307692,20.394102563999997,72.40620438,67.73559322,72.40620438,70.84933399333333,0.262943925,0.5,0.262943925,0.3419626166666667,0,Monday,0,5,20,1618.467480799,738.9026896133328,1128.842759815143,789.1613421589752,20.196606060666667,0.2959999999999994,20.96841379333333,-1.674068966,20.293375291333334,0.5863076919999983,20.48613171511111,-0.2639204246666722,505.396704543,2298.55154086
2024-05-21,0.444444444,823.5,49.708860759,17.526315789,1.5,41.686746988,1438.681818182,20.438461538,20.572,20.340909091,20.450456876333337,73.827038627,74.215909091,73.827038627,73.95666211499999,0.300217391,0.5,0.300217391,0.366811594,1,Tuesday,0,5,21,2373.048186162,1498.9707905013329,1294.3373180041428,939.5424995403248,20.282153846,0.08646153799999823,20.874022988666667,0.38400000000000034,20.346405594333334,-0.30139860099999893,20.500860809666666,0.05635431233334032,1618.467480799,1214.586278839
2024-05-22,88.904761905,838.625,48.975609756,27.978723404,8.538461538,13.549450549,2231.0,20.511111111,20.968,20.342857143,20.60732275133333,66.841967213,73.039370079,66.841967213,68.90776816833333,0.465019455,0.491525424,0.465019455,0.473854778,2,Wednesday,0,5,22,3257.572007152,2416.362558037666,1423.2369657895713,820.4102712582052,20.433857549666666,0.07264957300000319,20.575999999999997,0.3960000000000008,20.442024642,0.0019480519999994783,20.483960730555555,0.15686587499999405,2373.048186162,2355.274472654
2024-05-23,427.235294118,5.666666667,53.636363636,26.18,1.5,29.648351648,1724.0,20.854545455,21.628,20.854545455,21.112363636666668,62.984337349,59.762790698,62.984337349,61.91048846533334,0.350875146,0.495726496,0.350875146,0.3991589293333333,3,Thursday,0,5,23,2267.8666760690003,2632.828956461,1458.3158961521428,543.5933195472384,20.601372701333336,0.3434343439999985,21.055999999999997,0.6600000000000001,20.512770563,0.5116883120000004,20.72338108811111,0.5050408853333366,3257.572007152,2022.314163531
2024-05-24,0.5,0.0,64.097560976,27.465116279,1.5,13.064516129,1755.5,21.691304348,22.514285714,21.691304348,21.96563147,81.554918033,80.58375,81.554918033,81.23119535533334,0.340407876,,0.340407876,0.340407876,4,Friday,0,5,24,1862.127193384,2462.5219588683326,1711.0460188010002,717.7984162766519,21.018986971333334,0.836758892999999,21.703428571333333,0.8862857139999996,20.962902315333334,0.836758892999999,21.228439286,0.8532678333333337,2267.8666760690003,93.016334842
2024-05-25,0.5,,65.0,24.958333333,1.5,13.164835165,2009.2,21.6625,22.328571429,21.8,21.930357143,81.343773585,80.645142857,81.343773585,81.11089667566667,0.313447293,0.5,0.313447293,0.3756315286666667,5,Saturday,1,5,25,2114.323168498,2081.439012650333,1999.8287738010001,204.8588727190821,21.402783267666667,-0.02880434799999776,22.156952380999996,-0.18571428499999953,21.448616600999998,0.10869565200000153,21.66945074988889,-0.035274327000003325,1862.127193384,92.843883498
2024-05-26,136.818181818,18.333333333,53.358024691,18.085714286,1.5,14.111111111,1734.5,21.473913043,21.728,21.473913043,21.558608695333337,73.074834437,72.177464789,73.074834437,72.77571122100001,0.293617339,0.5,0.293617339,0.3624115593333333,6,Sunday,1,5,26,1976.706365239,1984.3855757069996,2210.015868186143,126.27323616263183,21.609239130333332,-0.18858695700000183,22.19028571433333,-0.6005714289999986,21.655072463666666,-0.3260869570000011,21.81819910277778,-0.37174844766666126,2114.323168498,505.396704543
2024-05-27,142.8,363.4,50.727272727,25.036363636,1.5,27.348837209,1846.454545455,21.227272727,21.226086957,21.227272727,21.22687747033333,63.913157895,63.053448276,63.913157895,63.626588022,0.273880597,0.5,0.273880597,0.3492537313333333,0,Monday,0,5,27,2457.267019027,2182.7655175879995,2329.844373647286,247.48313448396027,21.45456192333333,-0.24664031600000058,21.76088612866667,-0.5019130430000018,21.500395256666664,-0.24664031600000058,21.571947769555553,-0.33173122500000574,1976.706365239,1618.467480799
2024-05-28,0.5,452.142857143,56.827160494,20.0,1.5,14.0,1415.357142857,21.2,21.524,21.2,21.308,72.953211009,72.773584906,72.953211009,72.89333564133334,0.447859712,0.5,0.447859712,0.465239808,1,Tuesday,0,5,28,1960.327160494,2131.4335149199997,2270.8842271232857,282.2989087580832,21.300395256666665,-0.02727272699999972,21.492695652333335,0.2979130430000012,21.300395256666665,-0.02727272699999972,21.364495388555557,0.08112252966666844,2457.267019027,2373.048186162
2024-05-29,0.473684211,0.0,52.060240964,12.184615385,1.4,13.065934066,0.0,21.204761905,21.508695652,21.204761905,21.306073154,69.846078431,68.614583333,69.846078431,69.435580065,0.655616642,0.5,0.655616642,0.603744428,2,Wednesday,0,5,29,79.18447462600001,1498.9262180489998,1816.8288653338573,1254.3872086652634,21.210678210666668,0.004761905000002287,21.419594203000003,-0.0153043480000008,21.210678210666668,0.004761905000002287,21.28031687477778,-0.0019268459999999266,1960.327160494,3257.572007152
2024-05-30,0.5,633.6,57.486486486,18.519230769,1.428571429,26.845238095,1470.571428571,22.004166667,23.203846154,22.004166667,22.404059829333335,72.19375,69.251898734,72.19375,71.21313291133333,0.487893939,0.428571429,0.487893939,0.468119769,3,Thursday,0,5,30,2208.95095535,1416.154196823333,1808.4123338025713,1164.5039615202934,21.469642857333337,0.7994047619999982,22.078847268666667,1.6951505020000006,21.469642857333337,0.7994047619999982,21.672710994444444,1.0979866753333347,79.18447462600001,2267.8666760690003
2024-05-31,0.5,0.0,52.897435897,17.953488372,1.5,12.941176471,1122.166666667,22.21,22.466666667,22.21,22.295555555666667,71.624342105,70.29,71.624342105,71.17956140333332,0.29143975,,0.29143975,0.29143975,4,Friday,0,5,31,1207.958767407,1165.364732461,1714.959701520143,1065.5219399259706,21.806309524,0.20583333300000106,22.393069491000002,-0.7371794870000024,21.806309524,0.20583333300000106,22.00189617966667,-0.10850427366666793,2208.95095535,1862.127193384
2024-06-01,0.428571429,856.5,52.026666667,18.608695652,1.0,13.024096386,0.5,22.09,22.52,22.09,22.233333333333334,55.682758621,53.817355372,55.682758621,55.060957538,0.498551336,,0.498551336,0.498551336,5,Saturday,1,6,1,942.088030134,1452.9992509636666,1547.4975388967143,668.0337167822971,22.101388889000003,-0.120000000000001,22.730170940333334,0.053333333000001204,22.101388889000003,-0.120000000000001,22.31098290611111,-0.06222222233333241,1207.958767407,2114.323168498
2024-06-02,46.714285714,0.0,60.142857143,20.333333333,1.5,13.217391304,,22.0,22.575862069,22.0,22.191954022999997,71.189830508,70.593333333,71.189830508,70.99099811633333,0.363753666,,0.363753666,0.363753666,6,Sunday,1,6,2,141.907867494,763.9848883449996,1285.3834677902855,554.8933925878524,22.099999999999998,-0.08999999999999986,22.520842911999996,0.05586206899999979,22.099999999999998,-0.08999999999999986,22.240280970666664,-0.04137931033333686,942.088030134,1976.706365239
2024-06-03,147.454545455,0.0,52.746835443,36.836734694,1.428571429,30.418367347,1572.666666667,21.757142857,22.269230769,21.757142857,21.927838827666665,72.186725664,71.103846154,72.186725664,71.82576582733333,0.421279683,0.488888889,0.421279683,0.4438160849999999,0,Monday,0,6,3,1841.551721035,975.182539554333,1197.4241395057143,850.3050876804444,21.949047618999998,-0.2428571429999984,22.455030945999997,-0.3066312999999994,21.949047619,-0.2428571429999984,22.117708727999997,-0.26411519533333205,141.907867494,2457.267019027
2024-06-04,,909.571428571,54.320987654,32.658536585,1.5,13.849462366,3.0,21.515,21.917647059,21.515,21.649215686333335,77.07434555,76.637288136,77.07434555,76.92865974533333,0.353950617,0.0,0.353950617,0.235967078,1,Tuesday,0,6,4,1014.900415176,999.453334568333,1062.363175888857,849.927212439038,21.757380952333335,-0.24214285700000104,22.254246632333334,-0.3515837099999999,21.757380952333335,-0.24214285700000104,21.923002845666662,-0.27862314133333044,1841.551721035,1960.327160494
2024-06-05,,0.0,50.581081081,27.219512195,1.428571429,42.388235294,1790.75,21.171428571,21.182352941,21.647368421,21.333716644333332,71.679,70.341463415,74.376642336,72.13236858366668,0.402312925,0.5,0.402312925,0.4348752833333333,2,Wednesday,0,6,5,1912.367399999,1589.6065120699998,1324.2464509421427,498.9679733731735,21.481190476,-0.3435714290000007,21.78974358966667,-0.7352941179999988,21.639837092666667,0.1323684209999989,21.636923719444443,-0.31549904200000256,1014.900415176,79.18447462600001
2024-06-06,0.5,819.0,50.542168675,24.0,1.5,84.5,1530.666666667,21.34,21.256666667,21.340909091,21.312525252666667,72.358333333,70.7375,72.358333333,71.81805555533333,0.29609375,0.5,0.29609375,0.3640625,3,Thursday,0,6,6,2510.708835342,1812.6588835056664,1367.3547195124286,752.8725314791677,21.342142857,0.168571429,21.452222222333333,0.07431372599999975,21.501092504,-0.30645932999999914,21.431819194444444,-0.021191391666665282,1912.367399999,2208.95095535
2024-06-07,0.5,0.0,57.936708861,27.764705882,1.4,75.421052632,,21.438461538,21.083333333,21.438461538,21.320085469666665,66.558256881,66.380141844,66.558256881,66.498885202,0.383589365,,0.383589365,0.383589365,4,Friday,0,6,7,163.02246737500002,1528.6995675719998,1218.0781052221428,1219.9625300860444,21.316630036333333,0.09846153799999868,21.174117647,-0.17333333400000228,21.475579683333333,0.09755244699999821,21.32210912222222,0.007560216999998204,2510.708835342,1207.958767407
2024-06-08,0.5,840.5,50.691358025,15.25,1.5,81.946808511,0.0,21.536842105,21.822727273,21.536842105,21.632137161000003,71.991780822,71.516455696,71.991780822,71.83333911333334,0.299397218,,0.299397218,0.299397218,5,Saturday,1,6,8,990.388166536,1221.3731564176662,1224.9781247081428,1190.76587528678,21.438434547666663,0.09838056700000308,21.387575757666667,0.7393939400000029,21.438737578,0.09838056700000308,21.421582627777777,0.31205169133333754,163.02246737500002,942.088030134
2024-06-09,0.5,,51.974683544,19.450980392,,64.918367347,1710.0,21.464705882,21.781818182,21.464705882,21.570409982,67.927659574,67.111627907,67.927659574,67.65564901833334,0.320152672,,0.320152672,0.320152672,6,Sunday,1,6,9,1846.844031283,1000.0848883979997,1468.540433820857,841.952661722464,21.480003174999997,-0.07213622300000111,21.562626262666665,-0.04090909100000317,21.480003174999997,-0.07213622300000111,21.507544204222224,-0.0617271790000018,990.388166536,141.907867494
2024-06-10,1.652173913,542.666666667,53.4,24.50877193,1.5,55.239583333,22.75,21.296,21.178571429,21.296,21.256857143,55.238129496,54.305,55.238129496,54.92708633066667,0.342059238,0.488888889,0.342059238,0.3910024549999999,0,Monday,0,6,10,701.7171958429999,1179.649797887333,1305.7069302220002,595.561786162887,21.432515995666666,-0.16870588200000114,21.594372294666666,-0.603246752999997,21.432515995666666,-0.16870588200000114,21.486468095333336,-0.31355283899999975,1846.844031283,1841.551721035
2024-06-11,2.62962963,616.666666667,59.933333333,35.395833333,1.5,30.702970297,1740.625,20.541666667,20.764,20.541666667,20.615777778,60.73627907,61.033082707,60.73627907,60.83521361566667,0.368648325,0.5,0.420218103,0.4296221426666666,1,Tuesday,0,6,11,2487.4534332599997,1678.6715534619998,1516.071647091143,904.6684277283002,21.100790849666666,-0.7543333329999982,21.241463203666665,-0.4145714290000022,21.100790849666666,-0.7543333329999982,21.147681634333335,-0.6410793649999995,701.7171958429999,1014.900415176
2024-06-12,134.111111111,840.5,62.911764706,30.568181818,5.7,72.479452055,1775.833333333,20.733333333,21.329166667,20.733333333,20.931944444333336,69.140082645,68.54522293,69.140082645,68.94179607333334,0.821439299,0.496296296,0.821439299,0.713058298,2,Wednesday,0,6,12,2922.103843023,2037.0914907086662,1660.3197103802854,1176.7109352843493,20.857,0.1916666659999997,21.09057936533333,0.5651666669999997,20.857,0.1916666659999997,20.934859788444445,0.31616666633333423,2487.4534332599997,1912.367399999
2024-06-13,0.533333333,,50.894736842,28.914285714,1.473684211,13.247058824,,20.08,19.771428571,20.08,19.977142857,60.872205438,57.354,60.872205438,59.699470292,0.369811321,0.5,0.369811321,0.4132075473333333,3,Thursday,0,6,13,95.063098924,1834.873458402333,1315.2274623205715,1522.3124875950666,20.451666666666668,-0.6533333330000026,20.621531746,-1.5577380959999978,20.451666666666668,-0.6533333330000026,20.50828835977778,-0.9548015873333355,2922.103843023,2510.708835342
2024-06-14,0.5,0.0,56.770114943,19.277777778,1.5,13.3375,0.0,19.988,20.047619048,19.988,20.007873016,67.905555556,68.435353535,69.70617284,68.68236064366666,0.323966565,,0.323966565,0.323966565,4,Friday,0,6,14,91.38539272100002,1036.1841115559998,1304.9935945128568,1633.2554321149967,20.267111111000002,-0.09199999999999875,20.382738095333334,0.2761904770000001,20.267111111000002,-0.09199999999999875,20.30565343911111,0.030730159000000867,95.063098924,163.02246737500002
2024-06-15,0.52173913,,52.034883721,19.216216216,1.533333333,13.597826087,,20.042105263,20.371428571,20.042105263,20.151879699,59.397333333,57.503278689,59.670967742,58.85719325466667,0.346661562,,0.346661562,0.346661562,5,Saturday,1,6,15,86.90399848700001,91.11749671066637,1175.924427648714,4.086141967516256,20.036701754333333,0.05410526300000029,20.063492063333335,0.32380952299999777,20.036701754333333,0.05410526300000029,20.045631857333333,0.14400668299999708,91.38539272100002,990.388166536
2024-06-16,0.5,0.0,86.082191781,41.583333333,1.523809524,13.829545455,0.0,21.170833333,22.791666667,21.170833333,21.711111110999997,62.85703125,59.560377358,62.85703125,61.75814661933333,0.316965409,,0.316965409,0.316965409,6,Sunday,1,6,16,143.51888009299998,107.2694237669997,932.5922631929999,31.47281424511201,20.400312865333333,1.128728070000001,21.070238095333334,2.420238096000002,20.400312865333333,1.128728070000001,20.62362127533333,1.559231411999999,86.90399848700001,1846.844031283
2024-06-17,0.5,,84.565789474,28.685714286,1.48,13.671052632,,21.647826087,23.865384615,21.647826087,22.387012263,74.833913043,70.585294118,74.833913043,73.41770673466665,0.385156483,,0.385156483,0.385156483,0,Monday,0,6,17,128.902556392,119.77514499066638,850.7616004142857,29.390362943855724,20.953588227666668,0.47699275399999763,22.342826617666663,1.0737179479999988,20.953588227666668,0.47699275399999763,21.416667691,0.6759011520000016,143.51888009299998,701.7171958429999
2024-06-18,0.5,0.0,84.952380952,27.263157895,1.5,13.652173913,0.0,21.75625,24.191666667,21.957894737,22.635270468,69.25,65.583076923,69.25,68.02769230766667,0.448287373,,0.448287373,0.448287373,1,Tuesday,0,6,18,127.86771276,133.4297164149997,513.6779260571428,8.752779165281156,21.52496980666667,0.10842391300000287,23.616239316333335,0.3262820519999998,21.592184719,0.3100686500000016,22.244464613999998,0.24825820500000262,128.902556392,2487.4534332599997
2024-06-19,0.5,832.0,69.703703704,28.848484848,1.529411765,13.397727273,0.5,22.365517241,24.635714286,22.365517241,23.122249589333332,74.806995885,70.997014925,74.806995885,73.53700223166668,0.420869565,,0.420869565,0.420869565,2,Wednesday,0,6,19,946.47932759,401.0831989139997,231.44585242385716,472.32718597006726,21.923197776,0.6092672409999977,24.230921856,0.4440476189999991,21.990412688333333,0.407622503999999,22.714844106777775,0.48697912133333077,127.86771276,2922.103843023
2024-06-20,0.333333333,668.2,62.6,49.75,1.444444444,12.5,1758.5,22.7,25.5,22.7,23.633333333333336,75.22,71.033333333,75.22,73.82444444433334,0.942631579,0.428571429,0.942631579,0.7712781956666667,3,Thursday,0,6,20,2553.327777777,1209.2249393756663,582.6265208314286,1233.8924483651444,22.273922413666668,0.33448275900000013,24.775793651,0.8642857140000011,22.341137326,0.33448275900000013,23.130284463555554,0.511083744000004,946.47932759,95.063098924
